{"sources":[{"type":"single","resource":"valerieset:armor/valerie_legging_icon"},{"type":"single","resource":"valerieset:bow_1"},{"type":"single","resource":"valerieset:bow_2"},{"type":"single","resource":"valerieset:shovel"},{"type":"single","resource":"mysticcyanset:bow"},{"type":"single","resource":"valerieset:sword"},{"type":"single","resource":"valerieset:crossbow"},{"type":"single","resource":"_iainternal:icons/icon_left_blue"},{"type":"single","resource":"akiraset:bow"},{"type":"single","resource":"akiraset:wings_animation"},{"type":"single","resource":"evergreenset:sword"},{"type":"single","resource":"mysticcyanset:armor/mysticcyan_helmet_icon"},{"type":"single","resource":"akiraset:armor/akira_chestplate_icon"},{"type":"single","resource":"mysticcyanset:pickaxe"},{"type":"single","resource":"evergreenset:armor/evergreen_chestplate_icon"},{"type":"single","resource":"_iainternal:icons/icon_next_orange"},{"type":"single","resource":"evergreenset:armor/evergreen_boots_icon"},{"type":"single","resource":"akiraset:spear"},{"type":"single","resource":"valerieset:staff"},{"type":"single","resource":"valerieset:key"},{"type":"single","resource":"akiraset:helmet"},{"type":"single","resource":"mysticcyanset:fishing_rod"},{"type":"single","resource":"mysticcyanset:scythe"},{"type":"single","resource":"evergreenset:hoe"},{"type":"single","resource":"valerieset:spear"},{"type":"single","resource":"evergreenset:shield"},{"type":"single","resource":"akiraset:animation_1"},{"type":"single","resource":"akiraset:animation_2"},{"type":"single","resource":"mysticcyanset:animations/animation_wings"},{"type":"single","resource":"evergreenset:staff"},{"type":"single","resource":"akiraset:shield"},{"type":"single","resource":"valerieset:shield"},{"type":"single","resource":"valerieset:scythe"},{"type":"single","resource":"mysticcyanset:wings"},{"type":"single","resource":"mysticcyanset:backpack"},{"type":"single","resource":"evergreenset:trident"},{"type":"single","resource":"evergreenset:spear"},{"type":"single","resource":"mysticcyanset:animations/animations_greatsword"},{"type":"single","resource":"_iainternal:icons/icon_cancel"},{"type":"single","resource":"valerieset:hoe"},{"type":"single","resource":"mysticcyanset:crossbow"},{"type":"single","resource":"akiraset:armor/akira_boots_icon"},{"type":"single","resource":"mysticcyanset:animations/animations_sword"},{"type":"single","resource":"akiraset:fishing_rod_cast"},{"type":"single","resource":"valerieset:armor/valerie_boots_icon"},{"type":"single","resource":"valerieset:armor/valerie_chestplate_icon"},{"type":"single","resource":"akiraset:staff"},{"type":"single","resource":"_iainternal:icons/icon_arrow_chest"},{"type":"single","resource":"akiraset:axe"},{"type":"single","resource":"valerieset:pickaxe"},{"type":"single","resource":"akiraset:scythe"},{"type":"single","resource":"akiraset:staff_animation"},{"type":"single","resource":"valerieset:axe"},{"type":"single","resource":"akiraset:chest"},{"type":"single","resource":"akiraset:pickaxe"},{"type":"single","resource":"mysticcyanset:bow_2"},{"type":"single","resource":"mysticcyanset:bow_1"},{"type":"single","resource":"evergreenset:axe"},{"type":"single","resource":"mysticcyanset:sword"},{"type":"single","resource":"valerieset:trident"},{"type":"single","resource":"akiraset:hoe"},{"type":"single","resource":"akiraset:sword"},{"type":"single","resource":"mysticcyanset:crossbow_firework"},{"type":"single","resource":"akiraset:wings"},{"type":"single","resource":"akiraset:bow_2"},{"type":"single","resource":"valerieset:fishing_rod"},{"type":"single","resource":"akiraset:bow_1"},{"type":"single","resource":"akiraset:armor/akira_leggings_icon"},{"type":"single","resource":"evergreenset:crown"},{"type":"single","resource":"mysticcyanset:shovel"},{"type":"single","resource":"evergreenset:wings"},{"type":"single","resource":"evergreenset:scythe"},{"type":"single","resource":"mysticcyanset:fishing_rod_cast"},{"type":"single","resource":"evergreenset:fishing_rod"},{"type":"single","resource":"akiraset:key"},{"type":"single","resource":"mysticcyanset:animations/animations_scythe"},{"type":"single","resource":"mysticcyanset:greatsword"},{"type":"single","resource":"evergreenset:fishing_rod_cast"},{"type":"single","resource":"mysticcyanset:staff"},{"type":"single","resource":"akiraset:greatsword"},{"type":"single","resource":"mysticcyanset:animations/animations_hammer"},{"type":"single","resource":"mysticcyanset:chest"},{"type":"single","resource":"mysticcyanset:spear"},{"type":"single","resource":"akiraset:shovel"},{"type":"single","resource":"mysticcyanset:key"},{"type":"single","resource":"valerieset:bow"},{"type":"single","resource":"akiraset:fishing_rod"},{"type":"single","resource":"mysticcyanset:crossbow_2"},{"type":"single","resource":"evergreenset:bow"},{"type":"single","resource":"mysticcyanset:crossbow_1"},{"type":"single","resource":"mysticcyanset:shield"},{"type":"single","resource":"akiraset:chest_animation"},{"type":"single","resource":"evergreenset:pickaxe"},{"type":"single","resource":"evergreenset:greatsword"},{"type":"single","resource":"mysticcyanset:hoe"},{"type":"single","resource":"valerieset:fishing_rod_cast"},{"type":"single","resource":"valerieset:animations/animation_1"},{"type":"single","resource":"valerieset:animations/animation_2"},{"type":"single","resource":"evergreenset:shovel"},{"type":"single","resource":"valerieset:crossbow_2"},{"type":"single","resource":"valerieset:crossbow_1"},{"type":"single","resource":"valerieset:hammer"},{"type":"single","resource":"mysticcyanset:axe"},{"type":"single","resource":"valerieset:greatsword"},{"type":"single","resource":"evergreenset:bow_1"},{"type":"single","resource":"mysticcyanset:animations/animations_1"},{"type":"single","resource":"_iainternal:icons/icon_back_orange"},{"type":"single","resource":"evergreenset:key"},{"type":"single","resource":"evergreenset:crossbow_1"},{"type":"single","resource":"evergreenset:crossbow_2"},{"type":"single","resource":"mysticcyanset:helmet"},{"type":"single","resource":"mysticcyanset:trident"},{"type":"single","resource":"valerieset:armor/valerie_helmet_icon"},{"type":"single","resource":"mysticcyanset:armor/mysticcyan_leggings_icon"},{"type":"single","resource":"valerieset:wings"},{"type":"single","resource":"_iainternal:icons/icon_search"},{"type":"single","resource":"_iainternal:icons/icon_right_blue"},{"type":"single","resource":"mysticcyanset:animations/animations_2"},{"type":"single","resource":"evergreenset:animations/animations_2"},{"type":"single","resource":"mysticcyanset:animations/animations_3"},{"type":"single","resource":"evergreenset:animations/animations_1"},{"type":"single","resource":"mysticcyanset:animations/animations_4"},{"type":"single","resource":"evergreenset:bow_2"},{"type":"single","resource":"evergreenset:crossbow"},{"type":"single","resource":"mysticcyanset:armor/mysticcyan_boots_icon"},{"type":"single","resource":"mysticcyanset:armor/mysticcyan_chestplate_icon"},{"type":"single","resource":"mysticcyanset:hammer"},{"type":"single","resource":"evergreenset:chest"},{"type":"single","resource":"valerieset:chest"},{"type":"single","resource":"evergreenset:hammer"},{"type":"single","resource":"evergreenset:armor/evergreen_leggings_icon"}]}