{"credit":"Made by PolygonMC","texture_size":[32,32],"textures":{"0":"mysticcyanset:backpack","particle":"mysticcyanset:backpack"},"elements":[{"from":[4.5,-16,5],"to":[11.5,-10,10.5],"rotation":{"angle":0,"axis":"y","origin":[1,-16,2]},"faces":{"north":{"uv":[0,0,3.5,3],"texture":"#0","tintindex":0},"east":{"uv":[0,6,2.75,9],"texture":"#0","tintindex":0},"south":{"uv":[0,3,3.5,6],"texture":"#0","tintindex":0},"west":{"uv":[3,6,5.75,9],"texture":"#0","tintindex":0},"up":{"uv":[7,2.75,3.5,0],"texture":"#0","tintindex":0},"down":{"uv":[7,3,3.5,5.75],"texture":"#0","tintindex":0}}},{"from":[4.5,-10,6],"to":[5.5,-6,9.5],"rotation":{"angle":0,"axis":"y","origin":[1,-16,2]},"faces":{"east":{"uv":[2.5,9,4.25,11],"texture":"#0","tintindex":0},"south":{"uv":[1,11.5,1.5,13.5],"texture":"#0","tintindex":0},"west":{"uv":[9.5,6,11.25,8],"texture":"#0","tintindex":0},"up":{"uv":[12.5,3.75,12,2],"texture":"#0","tintindex":0}}},{"from":[5.5,-10,6],"to":[10.5,-8,9.5],"rotation":{"angle":0,"axis":"y","origin":[2,-16,2]},"faces":{"south":{"uv":[0,10.5,2.5,11.5],"texture":"#0","tintindex":0},"up":{"uv":[8.5,9.75,6,8],"texture":"#0","tintindex":0}}},{"from":[5.5,-8,9],"to":[10.5,-7,9.5],"rotation":{"angle":0,"axis":"y","origin":[2,-16,2]},"faces":{"north":{"uv":[10.5,10.5,13,11],"texture":"#0","tintindex":0},"south":{"uv":[11,8,13.5,8.5],"texture":"#0","tintindex":0},"up":{"uv":[15,3.25,12.5,3],"texture":"#0","tintindex":0}}},{"from":[4.5,-10,5],"to":[11.5,-6,6],"rotation":{"angle":0,"axis":"y","origin":[1,-16,2]},"faces":{"north":{"uv":[6,6,9.5,8],"texture":"#0","tintindex":0},"east":{"uv":[2,11.5,2.5,13.5],"texture":"#0","tintindex":0},"south":{"uv":[7,0,10.5,2],"texture":"#0","tintindex":0},"west":{"uv":[11.5,6,12,8],"texture":"#0","tintindex":0},"up":{"uv":[14,2,10.5,1.5],"texture":"#0","tintindex":0}}},{"from":[10.5,-10,6],"to":[11.5,-6,9.5],"rotation":{"angle":0,"axis":"y","origin":[7,-16,2]},"faces":{"east":{"uv":[8.5,9.5,10.25,11.5],"texture":"#0","tintindex":0},"south":{"uv":[1.5,11.5,2,13.5],"texture":"#0","tintindex":0},"west":{"uv":[4.5,10,6.25,12],"texture":"#0","tintindex":0},"up":{"uv":[12.5,5.75,12,4],"texture":"#0","tintindex":0}}},{"from":[5,-6.751,2],"to":[6.5,-6.251,5],"rotation":{"angle":0,"axis":"x","origin":[6,-5.001,4]},"faces":{"north":{"uv":[0,13.5,0.75,13.75],"texture":"#0","tintindex":0},"east":{"uv":[12.5,5.5,14,5.75],"texture":"#0","tintindex":0},"west":{"uv":[10.5,12.5,12,12.75],"texture":"#0","tintindex":0},"up":{"uv":[3.25,12.5,2.5,11],"texture":"#0","tintindex":0},"down":{"uv":[4.25,11,3.5,12.5],"texture":"#0","tintindex":0}}},{"from":[5,-13.751,2],"to":[6.5,-13.251,5],"rotation":{"angle":0,"axis":"x","origin":[6,-5.001,4]},"faces":{"north":{"uv":[13.5,3.5,14.25,3.75],"texture":"#0","tintindex":0},"east":{"uv":[12,12.5,13.5,12.75],"texture":"#0","tintindex":0},"west":{"uv":[12.5,12,14,12.25],"texture":"#0","tintindex":0},"up":{"uv":[11.25,12.5,10.5,11],"texture":"#0","tintindex":0},"down":{"uv":[0.75,11.5,0,13],"texture":"#0","tintindex":0}}},{"from":[5,-13.25,2],"to":[6.5,-6.75,2.5],"rotation":{"angle":0,"axis":"x","origin":[8,-6.5,2]},"faces":{"north":{"uv":[6.5,10,7.25,13.25],"texture":"#0","tintindex":0},"east":{"uv":[4.5,12,4.75,15.25],"texture":"#0","tintindex":0},"south":{"uv":[7.5,10,8.25,13.25],"texture":"#0","tintindex":0},"west":{"uv":[5,12,5.25,15.25],"texture":"#0","tintindex":0},"down":{"uv":[1.75,13.5,1,13.75],"texture":"#0","tintindex":0}}},{"from":[9.5,-6.751,2],"to":[11,-6.251,5],"rotation":{"angle":0,"axis":"x","origin":[10,-5.001,4]},"faces":{"north":{"uv":[0.75,13.5,0,13.75],"texture":"#0","tintindex":0},"east":{"uv":[12,12.5,10.5,12.75],"texture":"#0","tintindex":0},"west":{"uv":[14,5.5,12.5,5.75],"texture":"#0","tintindex":0},"up":{"uv":[2.5,12.5,3.25,11],"texture":"#0","tintindex":0},"down":{"uv":[3.5,11,4.25,12.5],"texture":"#0","tintindex":0}}},{"from":[9.5,-13.25,2],"to":[11,-6.75,2.5],"rotation":{"angle":0,"axis":"x","origin":[8,-6.5,2]},"faces":{"north":{"uv":[7.25,10,6.5,13.25],"texture":"#0","tintindex":0},"east":{"uv":[5.25,12,5,15.25],"texture":"#0","tintindex":0},"south":{"uv":[8.25,10,7.5,13.25],"texture":"#0","tintindex":0},"west":{"uv":[4.75,12,4.5,15.25],"texture":"#0","tintindex":0},"down":{"uv":[1,13.5,1.75,13.75],"texture":"#0","tintindex":0}}},{"from":[9.5,-13.751,2],"to":[11,-13.251,5],"rotation":{"angle":0,"axis":"x","origin":[10,-5.001,4]},"faces":{"north":{"uv":[14.25,3.5,13.5,3.75],"texture":"#0","tintindex":0},"east":{"uv":[14,12,12.5,12.25],"texture":"#0","tintindex":0},"west":{"uv":[13.5,12.5,12,12.75],"texture":"#0","tintindex":0},"up":{"uv":[10.5,12.5,11.25,11],"texture":"#0","tintindex":0},"down":{"uv":[0,11.5,0.75,13],"texture":"#0","tintindex":0}}},{"from":[3.25,-14.75,6.25],"to":[4.5,-11.75,8.75],"rotation":{"angle":0,"axis":"y","origin":[2.5,-14,6.5]},"faces":{"north":{"uv":[11.5,11,12.125,12.5],"texture":"#0","tintindex":0},"south":{"uv":[12,0,12.625,1.5],"texture":"#0","tintindex":0},"west":{"uv":[10.5,0,11.75,1.5],"texture":"#0","tintindex":0},"up":{"uv":[6.125,13.25,5.5,12],"texture":"#0","tintindex":0},"down":{"uv":[12.625,6,12,7.25],"texture":"#0","tintindex":0}}},{"from":[11.5,-14.75,6.25],"to":[12.75,-11.75,8.75],"rotation":{"angle":0,"axis":"y","origin":[13.5,-14,6.5]},"faces":{"north":{"uv":[12.125,11,11.5,12.5],"texture":"#0","tintindex":0},"east":{"uv":[11.75,0,10.5,1.5],"texture":"#0","tintindex":0},"south":{"uv":[12.625,0,12,1.5],"texture":"#0","tintindex":0},"up":{"uv":[5.5,13.25,6.125,12],"texture":"#0","tintindex":0},"down":{"uv":[12,6,12.625,7.25],"texture":"#0","tintindex":0}}},{"from":[5.5,-5.90694,5.98149],"to":[10.5,-5.40694,8.98149],"rotation":{"angle":-22.5,"axis":"x","origin":[8,-5.65694,7.48149]},"faces":{"north":{"uv":[12,7.5,14.5,7.75],"texture":"#0","tintindex":0},"east":{"uv":[12.5,11,14,11.25],"texture":"#0","tintindex":0},"west":{"uv":[12.5,11.5,14,11.75],"texture":"#0","tintindex":0},"up":{"uv":[11,9.5,8.5,8],"texture":"#0","tintindex":0},"down":{"uv":[2.5,9,0,10.5],"texture":"#0","tintindex":0}}},{"from":[6.5,-5.40694,7.48149],"to":[9.5,-3.90694,7.51149],"rotation":{"angle":-22.5,"axis":"x","origin":[8,-5.65694,7.48149]},"faces":{"north":{"uv":[12.5,8.5,11,9.25],"texture":"#0","tintindex":0},"south":{"uv":[11,8.5,12.5,9.25],"texture":"#0","tintindex":0}}},{"from":[11.5,-11.98194,8.90649],"to":[13,-11.95194,11.90649],"rotation":{"angle":45,"axis":"x","origin":[11.25,-11.98194,10.40649]},"faces":{"up":{"uv":[4.5,9,6,9.75],"rotation":90,"texture":"#0","tintindex":0},"down":{"uv":[6,9,4.5,9.75],"rotation":90,"texture":"#0","tintindex":0}}},{"from":[3,-11.98194,8.90649],"to":[4.5,-11.95194,11.90649],"rotation":{"angle":45,"axis":"x","origin":[4.75,-11.98194,10.40649]},"faces":{"up":{"uv":[4.5,9.75,6,9],"rotation":90,"texture":"#0","tintindex":0},"down":{"uv":[6,9.75,4.5,9],"rotation":90,"texture":"#0","tintindex":0}}},{"from":[5.5,-5.71822,8.94395],"to":[10.5,-4.71822,9.44395],"rotation":{"angle":-22.5,"axis":"x","origin":[8,-5.21822,9.19395]},"faces":{"north":{"uv":[10.5,9.5,13,10],"texture":"#0","tintindex":0},"east":{"uv":[8,13.5,8.25,14],"texture":"#0","tintindex":0},"south":{"uv":[10.5,10,13,10.5],"texture":"#0","tintindex":0},"west":{"uv":[13.5,8,13.75,8.5],"texture":"#0","tintindex":0},"up":{"uv":[15,2.25,12.5,2],"texture":"#0","tintindex":0},"down":{"uv":[15,2.5,12.5,2.75],"texture":"#0","tintindex":0}}},{"from":[3,-15,10.5],"to":[13,-13,12.5],"rotation":{"angle":0,"axis":"y","origin":[4,-16,0]},"faces":{"north":{"uv":[7,2,12,3],"texture":"#0","tintindex":0},"east":{"uv":[8.5,11.5,9.5,12.5],"texture":"#0","tintindex":0},"south":{"uv":[7,3,12,4],"texture":"#0","tintindex":0},"west":{"uv":[9.5,11.5,10.5,12.5],"texture":"#0","tintindex":0},"up":{"uv":[12,5,7,4],"texture":"#0","tintindex":0},"down":{"uv":[12,5,7,6],"texture":"#0","tintindex":0}}},{"from":[7.58891,-8.75,7.75],"to":[8.58891,-7.75,8.75],"rotation":{"angle":-22.5,"axis":"y","origin":[8.08891,-7.15,8.25]},"faces":{"north":{"uv":[13,6,13.5,6.5],"texture":"#0","tintindex":0},"east":{"uv":[13,6.5,13.5,7],"texture":"#0","tintindex":0},"south":{"uv":[13,7,13.5,7.5],"texture":"#0","tintindex":0},"west":{"uv":[13,9.5,13.5,10],"texture":"#0","tintindex":0},"down":{"uv":[13.5,10,13,10.5],"texture":"#0","tintindex":0}}},{"from":[7.48891,-7.75,7.65],"to":[8.68891,-6.65,8.85],"rotation":{"angle":-22.5,"axis":"y","origin":[8.08891,-7.15,8.25]},"faces":{"north":{"uv":[0,13,0.625,13.5],"texture":"#0","tintindex":0},"east":{"uv":[13,0,13.625,0.5],"texture":"#0","tintindex":0},"south":{"uv":[13,0.5,13.625,1],"texture":"#0","tintindex":0},"west":{"uv":[13,1,13.625,1.5],"texture":"#0","tintindex":0},"down":{"uv":[10.125,12.5,9.5,13.125],"texture":"#0","tintindex":0}}},{"from":[7.38891,-6.65,7.55],"to":[8.78891,-5.45,8.95],"rotation":{"angle":-22.5,"axis":"y","origin":[8.08891,-7.15,8.25]},"faces":{"north":{"uv":[12.5,3.5,13.25,4.125],"texture":"#0","tintindex":0},"east":{"uv":[12.5,4.5,13.25,5.125],"texture":"#0","tintindex":0},"south":{"uv":[8.5,12.5,9.25,13.125],"texture":"#0","tintindex":0},"west":{"uv":[12.5,8.5,13.25,9.125],"texture":"#0","tintindex":0},"up":{"uv":[3.25,13.25,2.5,12.5],"texture":"#0","tintindex":0},"down":{"uv":[4.25,12.5,3.5,13.25],"texture":"#0","tintindex":0}}},{"from":[6.42084,-8.43467,7.95],"to":[7.20084,-7.65467,8.73],"rotation":{"angle":22.5,"axis":"z","origin":[7.8,-7.23609,8.395]},"faces":{"north":{"uv":[4,13.5,4.375,13.875],"texture":"#0","tintindex":0},"east":{"uv":[13.5,4,13.875,4.375],"texture":"#0","tintindex":0},"south":{"uv":[13.5,4.5,13.875,4.875],"texture":"#0","tintindex":0},"west":{"uv":[13.5,5,13.875,5.375],"texture":"#0","tintindex":0},"down":{"uv":[5.875,13.5,5.5,13.875],"texture":"#0","tintindex":0}}},{"from":[6.34284,-7.65467,7.872],"to":[7.27884,-6.79667,8.808],"rotation":{"angle":22.5,"axis":"z","origin":[7.8,-7.23609,8.395]},"faces":{"north":{"uv":[2,13.5,2.5,13.875],"texture":"#0","tintindex":0},"east":{"uv":[2.5,13.5,3,13.875],"texture":"#0","tintindex":0},"south":{"uv":[3,13.5,3.5,13.875],"texture":"#0","tintindex":0},"west":{"uv":[3.5,13.5,4,13.875],"texture":"#0","tintindex":0},"down":{"uv":[13.5,13,13,13.5],"texture":"#0","tintindex":0}}},{"from":[6.26484,-6.79667,7.794],"to":[7.35684,-5.86067,8.886],"rotation":{"angle":22.5,"axis":"z","origin":[7.8,-7.23609,8.395]},"faces":{"north":{"uv":[10.5,13,11,13.5],"texture":"#0","tintindex":0},"east":{"uv":[13,10.5,13.5,11],"texture":"#0","tintindex":0},"south":{"uv":[11,13,11.5,13.5],"texture":"#0","tintindex":0},"west":{"uv":[11.5,13,12,13.5],"texture":"#0","tintindex":0},"up":{"uv":[12.5,13.5,12,13],"texture":"#0","tintindex":0},"down":{"uv":[13,13,12.5,13.5],"texture":"#0","tintindex":0}}},{"from":[8.98907,-6.83166,7.63768],"to":[9.77531,-6.15774,8.42392],"rotation":{"angle":-22.5,"axis":"z","origin":[8.2,-6.93609,7.995]},"faces":{"north":{"uv":[13.5,6,13.875,6.375],"texture":"#0","tintindex":0},"east":{"uv":[6.5,13.5,6.875,13.875],"texture":"#0","tintindex":0},"south":{"uv":[13.5,6.5,13.875,6.875],"texture":"#0","tintindex":0},"west":{"uv":[7,13.5,7.375,13.875],"texture":"#0","tintindex":0},"up":{"uv":[13.875,7.375,13.5,7],"texture":"#0","tintindex":0},"down":{"uv":[7.875,13.5,7.5,13.875],"texture":"#0","tintindex":0}}},{"from":[9.04523,-7.44942,7.69384],"to":[9.71915,-6.83166,8.36776],"rotation":{"angle":-22.5,"axis":"z","origin":[8.2,-6.93609,7.995]},"faces":{"north":{"uv":[8.5,13.5,8.875,13.75],"texture":"#0","tintindex":0},"east":{"uv":[13.5,8.5,13.875,8.75],"texture":"#0","tintindex":0},"south":{"uv":[9,13.5,9.375,13.75],"texture":"#0","tintindex":0},"west":{"uv":[13.5,9,13.875,9.25],"texture":"#0","tintindex":0},"down":{"uv":[6.375,13.5,6,13.875],"texture":"#0","tintindex":0}}},{"from":[9.10139,-8.01102,7.75],"to":[9.66299,-7.44942,8.3116],"rotation":{"angle":-22.5,"axis":"z","origin":[8.2,-6.93609,7.995]},"faces":{"north":{"uv":[9.5,13.5,9.75,13.75],"texture":"#0","tintindex":0},"east":{"uv":[13.5,9.5,13.75,9.75],"texture":"#0","tintindex":0},"south":{"uv":[10,13.5,10.25,13.75],"texture":"#0","tintindex":0},"west":{"uv":[13.5,10,13.75,10.25],"texture":"#0","tintindex":0},"down":{"uv":[10.75,13.5,10.5,13.75],"texture":"#0","tintindex":0}}}],"gui_light":"front","display":{"thirdperson_righthand":{"rotation":[60,180,0],"translation":[0,-1.25,-4]},"thirdperson_lefthand":{"rotation":[68,0,0],"translation":[-5.5,-7,12],"scale":[1.2793,1.2793,1.2793]},"firstperson_righthand":{"rotation":[-18.5,0,0],"translation":[0,7,0]},"firstperson_lefthand":{"scale":[0,0,0]},"ground":{"rotation":[-35,0,0],"translation":[0,8,0]},"gui":{"rotation":[0,-43,0],"translation":[0,22.5,0],"scale":[1.24,1.24,1.24]},"head":{"translation":[0,-13,8.25],"scale":[1.95898,1.95898,1.95898]},"fixed":{"rotation":[-90,180,0],"translation":[0,0,-21],"scale":[2.5,2.5,2.5]}}}