{"credit":"Made by PolygonMC","texture_size":[20,20],"textures":{"0":"mysticcyanset:crossbow","1":"mysticcyanset:animations/animations_2","particle":"mysticcyanset:crossbow"},"elements":[{"from":[7.5,7.5,3],"to":[8.5,8.5,9],"rotation":{"angle":0,"axis":"y","origin":[7.5,7.5,0]},"faces":{"north":{"uv":[8.8,5.6,9.6,6.4],"texture":"#0"},"east":{"uv":[1.6,5.6,6.4,6.4],"texture":"#0"},"west":{"uv":[5.6,2.4,10.4,3.2],"texture":"#0"},"up":{"uv":[2.4,11.2,1.6,6.4],"texture":"#0"},"down":{"uv":[3.2,6.4,2.4,11.2],"texture":"#0"}}},{"from":[7.5,6.5,3],"to":[8.5,7.5,6],"rotation":{"angle":0,"axis":"y","origin":[7.5,7.5,0]},"faces":{"north":{"uv":[12,2.4,12.8,3.2],"texture":"#0"},"east":{"uv":[5.6,4.8,8,5.6],"texture":"#0"},"south":{"uv":[7.2,12,8,12.8],"texture":"#0"},"west":{"uv":[6.4,5.6,8.8,6.4],"texture":"#0"},"down":{"uv":[7.2,6.4,6.4,8.8],"texture":"#0"}}},{"from":[7.502,6.80656,2.5412],"to":[8.498,8.55656,3.5412],"rotation":{"angle":-22.5,"axis":"x","origin":[7.502,7.80656,3.5412]},"faces":{"north":{"uv":[11.2,0,12,1.4],"texture":"#0"},"east":{"uv":[1.6,11.2,2.4,12.6],"texture":"#0"},"west":{"uv":[11.2,1.6,12,3],"texture":"#0"},"up":{"uv":[0.8,13.6,0,12.8],"texture":"#0"}}},{"from":[7.502,6.70711,5.5],"to":[8.498,7.70711,7],"rotation":{"angle":-45,"axis":"x","origin":[8.002,7.20711,6]},"faces":{"east":{"uv":[6.4,11.2,7.6,12],"texture":"#0"},"west":{"uv":[11.2,7.2,12.4,8],"texture":"#0"},"down":{"uv":[3.2,11.2,2.4,12.4],"texture":"#0"}}},{"from":[7.5,6.3324,8.51993],"to":[8.5,7.3324,11.51993],"rotation":{"angle":22.5,"axis":"x","origin":[8,6.3324,11.76993]},"faces":{"east":{"uv":[8,4.8,10.4,5.6],"texture":"#0"},"west":{"uv":[7.2,8,9.6,8.8],"texture":"#0"},"up":{"uv":[6.4,10.4,5.6,8],"texture":"#0"},"down":{"uv":[9.6,0,8.8,2.4],"texture":"#0"}}},{"from":[7.5,6.42807,11.53896],"to":[8.5,7.42807,14.53896],"rotation":{"angle":0,"axis":"x","origin":[8,6.42807,11.78896]},"faces":{"east":{"uv":[8.8,3.2,11.2,4],"texture":"#0"},"west":{"uv":[8.8,4,11.2,4.8],"texture":"#0"},"up":{"uv":[7.2,11.2,6.4,8.8],"texture":"#0"}}},{"from":[7.5,5.42807,11.53896],"to":[8.5,6.42807,14.53896],"rotation":{"angle":0,"axis":"x","origin":[8,6.42807,11.78896]},"faces":{"north":{"uv":[9.6,12,10.4,12.8],"texture":"#0"},"east":{"uv":[7.2,6.4,9.6,7.2],"texture":"#0"},"west":{"uv":[7.2,7.2,9.6,8],"texture":"#0"},"down":{"uv":[5.6,8,4.8,10.4],"texture":"#0"}}},{"from":[6,7.17807,11.53896],"to":[7.5,7.20807,15.53896],"rotation":{"angle":-22.5,"axis":"x","origin":[8,7.19307,13.53896]},"faces":{"up":{"uv":[4.4,9.6,3.2,6.4],"texture":"#0"},"down":{"uv":[4.4,6.4,3.2,9.6],"texture":"#0"}}},{"from":[8.5,7.17807,11.53896],"to":[10,7.20807,15.53896],"rotation":{"angle":-22.5,"axis":"x","origin":[8,7.19307,13.53896]},"faces":{"up":{"uv":[3.2,9.6,4.4,6.4],"texture":"#0"},"down":{"uv":[3.2,6.4,4.4,9.6],"texture":"#0"}}},{"from":[7.4,5.32807,14.53896],"to":[8.6,7.52807,15.03896],"rotation":{"angle":0,"axis":"x","origin":[8,6.42807,11.78896]},"faces":{"north":{"uv":[7.2,8.8,8.2,10.6],"texture":"#0"},"east":{"uv":[5.6,12,6,13.8],"texture":"#0"},"south":{"uv":[8.8,8.8,9.8,10.6],"texture":"#0"},"west":{"uv":[6.4,12,6.8,13.8],"texture":"#0"},"up":{"uv":[13.8,2,12.8,1.6],"texture":"#0"},"down":{"uv":[13.8,2.4,12.8,2.8],"texture":"#0"}}},{"from":[7.5035,6.06698,11.48142],"to":[8.4965,8.56698,12.48142],"rotation":{"angle":-45,"axis":"x","origin":[8.0035,5.81698,12.28142]},"faces":{"north":{"uv":[9.6,0,10.4,2],"texture":"#0"},"east":{"uv":[3.2,9.6,4,11.6],"texture":"#0"},"west":{"uv":[4,9.6,4.8,11.6],"texture":"#0"}}},{"from":[7.45,8,7.58579],"to":[8.55,9.25,8.83579],"rotation":{"angle":45,"axis":"x","origin":[7.25,7.25,7.58579]},"faces":{"north":{"uv":[12,0.8,12.8,1.8],"texture":"#0"},"east":{"uv":[11.2,3.2,12.2,4.2],"texture":"#0"},"south":{"uv":[3.2,12,4,13],"texture":"#0"},"west":{"uv":[11.2,5.6,12.2,6.6],"texture":"#0"},"up":{"uv":[4.8,13,4,12],"texture":"#0"},"down":{"uv":[5.6,12,4.8,13],"texture":"#0"}}},{"from":[7.525,5.65901,8.84822],"to":[8.475,7.65901,9.79822],"rotation":{"angle":-22.5,"axis":"x","origin":[7.5,5.65901,8.82322]},"faces":{"north":{"uv":[10.4,0,11.2,1.6],"texture":"#0"},"east":{"uv":[10.4,1.6,11.2,3.2],"texture":"#0"},"south":{"uv":[4.8,10.4,5.6,12],"texture":"#0"},"west":{"uv":[5.6,10.4,6.4,12],"texture":"#0"}}},{"from":[7.46,5.56352,8.51498],"to":[8.54,6.10352,10.13498],"rotation":{"angle":-45,"axis":"x","origin":[8,5.63352,9.39498]},"faces":{"north":{"uv":[12.8,4,13.6,4.4],"texture":"#0"},"east":{"uv":[0.8,12.8,2,13.2],"texture":"#0"},"south":{"uv":[12.8,5.6,13.6,6],"texture":"#0"},"west":{"uv":[12.8,0.8,14,1.2],"texture":"#0"},"up":{"uv":[8.8,12.4,8,11.2],"texture":"#0"},"down":{"uv":[9.6,11.2,8.8,12.4],"texture":"#0"}}},{"from":[7.75,6.53589,8.42244],"to":[8.25,7.53589,8.92244],"rotation":{"angle":-22.5,"axis":"x","origin":[7.75,5.28589,7.92244]},"faces":{"north":{"uv":[12.8,6.4,13.2,7.2],"texture":"#0"},"east":{"uv":[7.2,12.8,7.6,13.6],"texture":"#0"},"west":{"uv":[12.8,7.2,13.2,8],"texture":"#0"},"down":{"uv":[13.2,12,12.8,12.4],"texture":"#0"}}},{"from":[7.29289,8,2.75],"to":[8.79289,9,4.25],"rotation":{"angle":45,"axis":"y","origin":[7.29289,8,3.25]},"faces":{"north":{"uv":[11.2,8,12.4,8.8],"texture":"#0"},"east":{"uv":[9.6,11.2,10.8,12],"texture":"#0"},"south":{"uv":[11.2,11.2,12.4,12],"texture":"#0"},"west":{"uv":[12,0,13.2,0.8],"texture":"#0"},"up":{"uv":[10.8,6.8,9.6,5.6],"texture":"#0"},"down":{"uv":[10.8,7.2,9.6,8.4],"texture":"#0"}}},{"from":[4.09158,8.002,2.91181],"to":[8.09158,8.998,3.41181],"rotation":{"angle":22.5,"axis":"y","origin":[5.84158,7.752,3.16181]},"faces":{"north":{"uv":[5.6,3.2,8.8,4],"texture":"#0"},"south":{"uv":[5.6,4,8.8,4.8],"texture":"#0"},"up":{"uv":[13.6,5.2,10.4,4.8],"texture":"#0"},"down":{"uv":[13.6,8.8,10.4,9.2],"texture":"#0"}}},{"from":[2.74524,8.002,4.58798],"to":[4.74524,8.998,5.08798],"rotation":{"angle":45,"axis":"y","origin":[3.24524,8.5,4.83798]},"faces":{"north":{"uv":[10.4,9.6,12,10.4],"texture":"#0"},"south":{"uv":[10.4,10.4,12,11.2],"texture":"#0"},"west":{"uv":[8,12.8,8.4,13.6],"texture":"#0"},"up":{"uv":[13.6,10,12,9.6],"texture":"#0"},"down":{"uv":[12,12,10.4,12.4],"texture":"#0"}}},{"from":[1.49434,8.472,0.9298],"to":[7.99434,8.502,4.1798],"rotation":{"angle":22.5,"axis":"y","origin":[3.99434,8.97,3.6798]},"faces":{"up":{"uv":[5.2,5,0,2.4],"texture":"#0"},"down":{"uv":[5.2,2.4,0,5],"texture":"#0"}}},{"from":[8.00566,8.472,0.9298],"to":[14.50566,8.502,4.1798],"rotation":{"angle":-22.5,"axis":"y","origin":[12.00566,8.97,3.6798]},"faces":{"up":{"uv":[0,5,5.2,2.4],"texture":"#0"},"down":{"uv":[0,2.4,5.2,5],"texture":"#0"}}},{"from":[2.0078,8.248,5.72186],"to":[3.0078,8.748,6.72186],"rotation":{"angle":45,"axis":"y","origin":[2.0078,8.498,5.72186]},"faces":{"north":{"uv":[12.8,8,13.6,8.4],"texture":"#0"},"east":{"uv":[8.8,12.8,9.6,13.2],"texture":"#0"},"south":{"uv":[9.6,12.8,10.4,13.2],"texture":"#0"},"west":{"uv":[10.4,12.8,11.2,13.2],"texture":"#0"},"up":{"uv":[12.8,11.2,12,10.4],"texture":"#0"},"down":{"uv":[12.8,12,12,12.8],"texture":"#0"}}},{"from":[7.90842,8.002,2.91181],"to":[11.90842,8.998,3.41181],"rotation":{"angle":-22.5,"axis":"y","origin":[10.15842,7.752,3.16181]},"faces":{"north":{"uv":[8.8,3.2,5.6,4],"texture":"#0"},"south":{"uv":[8.8,4,5.6,4.8],"texture":"#0"},"up":{"uv":[10.4,5.2,13.6,4.8],"texture":"#0"},"down":{"uv":[10.4,8.8,13.6,9.2],"texture":"#0"}}},{"from":[11.25476,8.002,4.58798],"to":[13.25476,8.998,5.08798],"rotation":{"angle":-45,"axis":"y","origin":[12.75476,8.5,4.83798]},"faces":{"north":{"uv":[12,9.6,10.4,10.4],"texture":"#0"},"east":{"uv":[8.4,12.8,8,13.6],"texture":"#0"},"south":{"uv":[12,10.4,10.4,11.2],"texture":"#0"},"up":{"uv":[12,10,13.6,9.6],"texture":"#0"},"down":{"uv":[10.4,12,12,12.4],"texture":"#0"}}},{"from":[12.9922,8.248,5.72186],"to":[13.9922,8.748,6.72186],"rotation":{"angle":-45,"axis":"y","origin":[13.9922,8.498,5.72186]},"faces":{"north":{"uv":[13.6,8,12.8,8.4],"texture":"#0"},"east":{"uv":[11.2,12.8,10.4,13.2],"texture":"#0"},"south":{"uv":[10.4,12.8,9.6,13.2],"texture":"#0"},"west":{"uv":[9.6,12.8,8.8,13.2],"texture":"#0"},"up":{"uv":[12,11.2,12.8,10.4],"texture":"#0"},"down":{"uv":[12,12,12.8,12.8],"texture":"#0"}}},{"from":[7.75,8.1,9],"to":[8.25,8.85,9.75],"rotation":{"angle":-45,"axis":"x","origin":[7.75,8.1,9]},"faces":{"north":{"uv":[12.8,10.4,13.2,11],"texture":"#0"},"east":{"uv":[2.4,12.8,3,13.4],"texture":"#0"},"south":{"uv":[11.2,12.8,11.6,13.4],"texture":"#0"},"west":{"uv":[12.8,3.2,13.4,3.8],"texture":"#0"},"up":{"uv":[13.2,11.8,12.8,11.2],"texture":"#0"},"down":{"uv":[12.4,12.8,12,13.4],"texture":"#0"}}},{"from":[2.625,8.597,5.79628],"to":[13.375,8.627,8.79628],"rotation":{"angle":0,"axis":"y","origin":[3.625,8.597,5.29628]},"faces":{"up":{"uv":[8.6,2.4,0,0],"texture":"#0"},"down":{"uv":[8.6,0,0,2.4],"texture":"#0"}}},{"from":[6.05657,8.998,3.08517],"to":[8.05657,10.998,3.11517],"rotation":{"angle":22.5,"axis":"y","origin":[6.05657,8.998,2.83517]},"faces":{"north":{"uv":[4.8,6.4,6.4,8],"texture":"#0"},"south":{"uv":[6.4,6.4,4.8,8],"texture":"#0"}}},{"from":[7.94343,8.998,3.08517],"to":[9.94343,10.998,3.11517],"rotation":{"angle":-22.5,"axis":"y","origin":[9.94343,8.998,2.83517]},"faces":{"north":{"uv":[6.4,6.4,4.8,8],"texture":"#0"},"south":{"uv":[4.8,6.4,6.4,8],"texture":"#0"}}},{"from":[8.75,8.75,-1.25],"to":[12.75,8.75,5.75],"rotation":{"angle":0,"axis":"z","origin":[10.75,8.75,2.25]},"faces":{"up":{"uv":[0,13.5,7.005,0],"rotation":180,"texture":"#1"}}},{"from":[3.25,8.75,-1.25],"to":[7.25,8.75,5.75],"rotation":{"angle":0,"axis":"z","origin":[5.25,8.75,2.25]},"faces":{"up":{"uv":[7.005,13.5,0,0],"rotation":180,"texture":"#1"}}}],"gui_light":"front","display":{"thirdperson_righthand":{"translation":[-1.75,0.75,0]},"thirdperson_lefthand":{"translation":[-1.75,0.75,0]},"firstperson_righthand":{"rotation":[0,-10,0],"translation":[-0.75,4.5,3.5]},"firstperson_lefthand":{"rotation":[0,-10,0],"translation":[-0.75,4.5,3.5]},"ground":{"rotation":[35,0,0],"translation":[0,7,0]},"gui":{"rotation":[90,45,0],"translation":[0.75,-0.75,0]},"head":{"rotation":[-45,180,0]},"fixed":{"rotation":[-90,0,0],"translation":[0,0.25,-6],"scale":[2.5,2.5,2.5]}}}