{"credit":"Made by PolygonMC","texture_size":[40,40],"textures":{"0":"mysticcyanset:helmet","1":"mysticcyanset:animations/animations_2","particle":"mysticcyanset:helmet"},"elements":[{"from":[5.35355,3.56066,4.002],"to":[6.85355,5.06066,4.998],"rotation":{"angle":-45,"axis":"z","origin":[6.35355,4.56066,4.502]},"faces":{"north":{"uv":[4.4,12.8,5,13.4],"texture":"#0"},"east":{"uv":[12.8,12.8,13.2,13.4],"texture":"#0"},"south":{"uv":[5.2,12.8,5.8,13.4],"texture":"#0"},"west":{"uv":[0,13.2,0.4,13.8],"texture":"#0"},"up":{"uv":[13.8,0.4,13.2,0],"texture":"#0"}}},{"from":[5.35355,8.93934,4.002],"to":[6.85355,10.43934,4.998],"rotation":{"angle":45,"axis":"z","origin":[6.35355,9.43934,4.502]},"faces":{"north":{"uv":[12.8,8.4,13.4,9],"texture":"#0"},"east":{"uv":[0.4,13.2,0.8,13.8],"texture":"#0"},"south":{"uv":[12.8,9.2,13.4,9.8],"texture":"#0"},"west":{"uv":[13.2,0.4,13.6,1],"texture":"#0"},"down":{"uv":[1.4,13.2,0.8,13.6],"texture":"#0"}}},{"from":[9.14645,8.93934,4.002],"to":[10.64645,10.43934,4.998],"rotation":{"angle":-45,"axis":"z","origin":[9.64645,9.43934,4.502]},"faces":{"north":{"uv":[13.4,8.4,12.8,9],"texture":"#0"},"east":{"uv":[13.6,0.4,13.2,1],"texture":"#0"},"south":{"uv":[13.4,9.2,12.8,9.8],"texture":"#0"},"west":{"uv":[0.8,13.2,0.4,13.8],"texture":"#0"},"down":{"uv":[0.8,13.2,1.4,13.6],"texture":"#0"}}},{"from":[6.33579,11.25,3.75],"to":[8.83579,13.75,12.25],"rotation":{"angle":-45,"axis":"z","origin":[6.58579,11.5,4.5]},"faces":{"north":{"uv":[10,11.2,11,12.2],"texture":"#0"},"east":{"uv":[9.2,8.4,12.6,9.4],"texture":"#0"},"south":{"uv":[11.2,11.2,12.2,12.2],"texture":"#0"},"west":{"uv":[9.6,5.6,13,6.6],"texture":"#0"},"up":{"uv":[7,13,6,9.6],"texture":"#0"},"down":{"uv":[8.2,9.6,7.2,13],"texture":"#0"}}},{"from":[6.58579,11.5,3.25],"to":[8.58579,13.5,12.75],"rotation":{"angle":-45,"axis":"z","origin":[6.58579,11.5,4.5]},"faces":{"north":{"uv":[12,9.6,12.8,10.4],"texture":"#0"},"east":{"uv":[9.6,6.8,13.4,7.6],"texture":"#0"},"south":{"uv":[0,12.4,0.8,13.2],"texture":"#0"},"west":{"uv":[9.6,7.6,13.4,8.4],"texture":"#0"},"up":{"uv":[9.2,13.4,8.4,9.6],"texture":"#0"},"down":{"uv":[10,9.6,9.2,13.4],"texture":"#0"}}},{"from":[3.5,3.25,3.5],"to":[12.5,11.75,12.5],"rotation":{"angle":0,"axis":"y","origin":[3.5,3.5,3.5]},"faces":{"north":{"uv":[0,3.6,3.6,7],"texture":"#0"},"east":{"uv":[3.6,0,7.2,3.4],"texture":"#0"},"south":{"uv":[3.6,3.6,7.2,7],"texture":"#0"},"west":{"uv":[0,7.2,3.6,10.6],"texture":"#0"},"up":{"uv":[3.6,3.6,0,0],"texture":"#0"}}},{"from":[4,3.5,5],"to":[5,5.5,12],"rotation":{"angle":0,"axis":"y","origin":[0,3.5,0]},"faces":{"east":{"uv":[10.4,0,13.2,0.8],"texture":"#0"},"south":{"uv":[10.8,12.8,11.2,13.6],"texture":"#0"},"west":{"uv":[10.4,0.8,13.2,1.6],"texture":"#0"},"up":{"uv":[6,12.8,5.6,10],"texture":"#0"},"down":{"uv":[2,10.8,1.6,13.6],"texture":"#0"}}},{"from":[5,3.5,11],"to":[11,10.5,12],"rotation":{"angle":0,"axis":"y","origin":[0,3.5,1]},"faces":{"north":{"uv":[3.6,7.2,6,10],"texture":"#0"},"south":{"uv":[7.2,5.6,9.6,8.4],"texture":"#0"},"down":{"uv":[4.8,11.6,2.4,12],"texture":"#0"}}},{"from":[4,5.5,7],"to":[5,8.5,12],"rotation":{"angle":0,"axis":"y","origin":[0,3.5,0]},"faces":{"north":{"uv":[12.4,12.4,12.8,13.6],"texture":"#0"},"east":{"uv":[3.6,10,5.6,11.2],"texture":"#0"},"south":{"uv":[3.2,12.8,3.6,14],"texture":"#0"},"west":{"uv":[10,9.6,12,10.8],"texture":"#0"}}},{"from":[4,8.5,5],"to":[5,10.5,12],"rotation":{"angle":0,"axis":"y","origin":[0,3.5,0]},"faces":{"east":{"uv":[10.4,1.6,13.2,2.4],"texture":"#0"},"south":{"uv":[11.2,12.8,11.6,13.6],"texture":"#0"},"west":{"uv":[10.4,2.4,13.2,3.2],"texture":"#0"},"down":{"uv":[2.4,10.8,2,13.6],"texture":"#0"}}},{"from":[4,10.5,5],"to":[12,11.5,12],"rotation":{"angle":0,"axis":"y","origin":[0,3.5,0]},"faces":{"east":{"uv":[10,10.8,12.8,11.2],"texture":"#0"},"south":{"uv":[10.4,4.4,13.6,4.8],"texture":"#0"},"west":{"uv":[2.4,11.2,5.2,11.6],"texture":"#0"},"up":{"uv":[10.4,2.8,7.2,0],"texture":"#0"},"down":{"uv":[10.4,2.8,7.2,5.6],"texture":"#0"}}},{"from":[4,3.5,4],"to":[6,5.5,5],"rotation":{"angle":0,"axis":"y","origin":[16,3.5,0]},"faces":{"north":{"uv":[0.8,12.4,1.6,13.2],"texture":"#0"},"east":{"uv":[11.6,12.8,12,13.6],"texture":"#0"},"south":{"uv":[10,12.4,10.8,13.2],"texture":"#0"},"west":{"uv":[12,12.8,12.4,13.6],"texture":"#0"},"up":{"uv":[3.2,11.2,2.4,10.8],"texture":"#0"},"down":{"uv":[13.6,10,12.8,10.4],"texture":"#0"}}},{"from":[6,4.12132,4.0035],"to":[10,5.62132,4.9965],"rotation":{"angle":0,"axis":"z","origin":[10,4.62132,4.5035]},"faces":{"north":{"uv":[0,11.6,1.6,12.2],"texture":"#0"},"south":{"uv":[11.6,3.2,13.2,3.8],"texture":"#0"},"up":{"uv":[13.2,4.4,11.6,4],"texture":"#0"},"down":{"uv":[13.6,10.4,12,10.8],"texture":"#0"}}},{"from":[4,8.5,4],"to":[6,11.5,5],"rotation":{"angle":0,"axis":"y","origin":[16,10.5,0]},"faces":{"north":{"uv":[4.8,11.6,5.6,12.8],"texture":"#0"},"east":{"uv":[3.6,12.8,4,14],"texture":"#0"},"south":{"uv":[2.4,12,3.2,13.2],"texture":"#0"},"west":{"uv":[4,12.8,4.4,14],"texture":"#0"},"up":{"uv":[13.6,11.2,12.8,10.8],"texture":"#0"},"down":{"uv":[13.6,12.4,12.8,12.8],"texture":"#0"}}},{"from":[10,8.5,4],"to":[12,11.5,5],"rotation":{"angle":0,"axis":"y","origin":[0,10.5,0]},"faces":{"north":{"uv":[5.6,11.6,4.8,12.8],"texture":"#0"},"east":{"uv":[4.4,12.8,4,14],"texture":"#0"},"south":{"uv":[3.2,12,2.4,13.2],"texture":"#0"},"west":{"uv":[4,12.8,3.6,14],"texture":"#0"},"up":{"uv":[12.8,11.2,13.6,10.8],"texture":"#0"},"down":{"uv":[12.8,12.4,13.6,12.8],"texture":"#0"}}},{"from":[11,8.5,5],"to":[12,10.5,12],"rotation":{"angle":0,"axis":"y","origin":[16,3.5,0]},"faces":{"east":{"uv":[13.2,2.4,10.4,3.2],"texture":"#0"},"south":{"uv":[11.6,12.8,11.2,13.6],"texture":"#0"},"west":{"uv":[13.2,1.6,10.4,2.4],"texture":"#0"},"down":{"uv":[2,10.8,2.4,13.6],"texture":"#0"}}},{"from":[11,5.5,7],"to":[12,8.5,12],"rotation":{"angle":0,"axis":"y","origin":[16,3.5,0]},"faces":{"north":{"uv":[12.8,12.4,12.4,13.6],"texture":"#0"},"east":{"uv":[12,9.6,10,10.8],"texture":"#0"},"south":{"uv":[3.6,12.8,3.2,14],"texture":"#0"},"west":{"uv":[5.6,10,3.6,11.2],"texture":"#0"}}},{"from":[11,3.5,5],"to":[12,5.5,12],"rotation":{"angle":0,"axis":"y","origin":[16,3.5,0]},"faces":{"east":{"uv":[13.2,0.8,10.4,1.6],"texture":"#0"},"south":{"uv":[11.2,12.8,10.8,13.6],"texture":"#0"},"west":{"uv":[13.2,0,10.4,0.8],"texture":"#0"},"up":{"uv":[5.6,12.8,6,10],"texture":"#0"},"down":{"uv":[1.6,10.8,2,13.6],"texture":"#0"}}},{"from":[10,3.5,4],"to":[12,5.5,5],"rotation":{"angle":0,"axis":"y","origin":[0,3.5,0]},"faces":{"north":{"uv":[1.6,12.4,0.8,13.2],"texture":"#0"},"east":{"uv":[12.4,12.8,12,13.6],"texture":"#0"},"south":{"uv":[10.8,12.4,10,13.2],"texture":"#0"},"west":{"uv":[12,12.8,11.6,13.6],"texture":"#0"},"up":{"uv":[2.4,11.2,3.2,10.8],"texture":"#0"},"down":{"uv":[12.8,10,13.6,10.4],"texture":"#0"}}},{"from":[9.14645,3.56066,4.002],"to":[10.64645,5.06066,4.998],"rotation":{"angle":45,"axis":"z","origin":[9.64645,4.56066,4.502]},"faces":{"north":{"uv":[5,12.8,4.4,13.4],"texture":"#0"},"east":{"uv":[0.4,13.2,0,13.8],"texture":"#0"},"south":{"uv":[5.8,12.8,5.2,13.4],"texture":"#0"},"west":{"uv":[13.2,12.8,12.8,13.4],"texture":"#0"},"up":{"uv":[13.2,0.4,13.8,0],"texture":"#0"}}},{"from":[6,8.37868,4.0035],"to":[10,9.62868,4.9965],"rotation":{"angle":0,"axis":"z","origin":[10,9.37868,4.5035]},"faces":{"north":{"uv":[3.2,12,4.8,12.6],"texture":"#0"},"south":{"uv":[12,4.8,13.6,5.4],"texture":"#0"},"up":{"uv":[12.4,12.8,10.8,12.4],"texture":"#0"},"down":{"uv":[14,11.2,12.4,11.6],"texture":"#0"}}},{"from":[6,9.5,4.25],"to":[10,11.5,5],"rotation":{"angle":0,"axis":"y","origin":[14,10.5,0.25]},"faces":{"north":{"uv":[10.4,4.8,12,5.6],"texture":"#0"},"south":{"uv":[0,10.8,1.6,11.6],"texture":"#0"},"up":{"uv":[14,12,12.4,11.6],"texture":"#0"},"down":{"uv":[14,12,12.4,12.4],"texture":"#0"}}},{"from":[4.25,5.5,4.25],"to":[4.25,8.5,7],"rotation":{"angle":0,"axis":"y","origin":[4.25,5.5,5]},"faces":{"west":{"uv":[6,7.2,7.2,8.4],"texture":"#0"}}},{"from":[11.75,5.5,4.25],"to":[11.75,8.5,7],"rotation":{"angle":0,"axis":"y","origin":[11.75,5.5,5]},"faces":{"east":{"uv":[10.4,3.2,11.6,4.4],"texture":"#0"}}},{"from":[4.251,5.5,4.25],"to":[11.751,8.5,4.25],"rotation":{"angle":0,"axis":"y","origin":[10.251,7,4.25]},"faces":{"north":{"uv":[6,8.4,9,9.6],"texture":"#0"}}},{"from":[8.56887,10.833,3.35],"to":[13.87837,13.867,3.35],"rotation":{"angle":22.5,"axis":"z","origin":[11.22363,12.35,3.35]},"faces":{"north":{"uv":[5.5025,7.5,2,0],"rotation":90,"texture":"#1"}}},{"from":[12.72362,7.583,7.69525],"to":[12.72362,10.617,13.00475],"rotation":{"angle":-45,"axis":"x","origin":[12.72362,9.1,10.35]},"faces":{"east":{"uv":[5.5025,0,2,7.5],"rotation":270,"texture":"#1"}}},{"from":[3.27638,7.583,7.69525],"to":[3.27638,10.617,13.00475],"rotation":{"angle":-45,"axis":"x","origin":[3.27638,9.1,10.35]},"faces":{"west":{"uv":[5.5025,7.5,2,0],"rotation":270,"texture":"#1"}}},{"from":[2.12163,10.833,3.35],"to":[7.43113,13.867,3.35],"rotation":{"angle":-22.5,"axis":"z","origin":[4.77638,12.35,3.35]},"faces":{"north":{"uv":[5.5025,0,2,7.5],"rotation":90,"texture":"#1"}}}],"gui_light":"front","display":{"thirdperson_righthand":{"rotation":[46.5,0,0],"translation":[0,2.25,0.75],"scale":[0.66602,0.66602,0.66602]},"thirdperson_lefthand":{"rotation":[46.5,0,0],"translation":[0,2.25,0.75],"scale":[0.66602,0.66602,0.66602]},"firstperson_righthand":{"rotation":[160,0,-180],"translation":[-0.75,3.5,0]},"firstperson_lefthand":{"rotation":[160,0,-180],"translation":[-0.75,3.5,0]},"ground":{"translation":[0,8,0]},"gui":{"rotation":[0,180,0],"scale":[1.60938,1.60938,1.60938]},"head":{"translation":[0,1.25,0],"scale":[1.95703,1.95703,1.95703]},"fixed":{"rotation":[-90,0,0],"translation":[0,0,-12.25],"scale":[2.5,2.5,2.5]}}}