{"credit":"Made by PolygonMC","texture_size":[24,24],"textures":{"2":"mysticcyanset:animations/animations_2","4":"mysticcyanset:animations/animations_1","5":"mysticcyanset:pickaxe","particle":"mysticcyanset:pickaxe"},"elements":[{"from":[7.25,0,7.25],"to":[8.75,0.5,8.75],"rotation":{"angle":0,"axis":"y","origin":[7.5,0,8.5]},"faces":{"north":{"uv":[10,11.33333,11,11.66667],"texture":"#5"},"east":{"uv":[11.33333,10.66667,12.33333,11],"texture":"#5"},"south":{"uv":[11.33333,11.33333,12.33333,11.66667],"texture":"#5"},"west":{"uv":[0,12,1,12.33333],"texture":"#5"},"up":{"uv":[1,9.66667,0,8.66667],"texture":"#5"},"down":{"uv":[9,8.66667,8,9.66667],"texture":"#5"}}},{"from":[7.25,4.25,7.25],"to":[8.75,4.75,8.75],"rotation":{"angle":0,"axis":"y","origin":[7.5,4.25,8.5]},"faces":{"north":{"uv":[12,0,13,0.33333],"texture":"#5"},"east":{"uv":[12,0.66667,13,1],"texture":"#5"},"south":{"uv":[1.33333,12,2.33333,12.33333],"texture":"#5"},"west":{"uv":[12,1.33333,13,1.66667],"texture":"#5"},"up":{"uv":[10.33333,2.33333,9.33333,1.33333],"texture":"#5"},"down":{"uv":[3,9.33333,2,10.33333],"texture":"#5"}}},{"from":[7.25,5.5,7.25],"to":[8.75,6,8.75],"rotation":{"angle":0,"axis":"y","origin":[7.5,5.5,8.5]},"faces":{"north":{"uv":[12,2,13,2.33333],"texture":"#5"},"east":{"uv":[2.66667,12,3.66667,12.33333],"texture":"#5"},"south":{"uv":[12,2.66667,13,3],"texture":"#5"},"west":{"uv":[12,3.33333,13,3.66667],"texture":"#5"},"up":{"uv":[10.33333,3.66667,9.33333,2.66667],"texture":"#5"},"down":{"uv":[4.33333,9.33333,3.33333,10.33333],"texture":"#5"}}},{"from":[7.25,10.75,7.25],"to":[8.75,11.25,8.75],"rotation":{"angle":0,"axis":"y","origin":[7.5,7.5,8.5]},"faces":{"north":{"uv":[10.66667,12,11.66667,12.33333],"texture":"#5"},"east":{"uv":[12,12,13,12.33333],"texture":"#5"},"south":{"uv":[0,12.66667,1,13],"texture":"#5"},"west":{"uv":[1.33333,12.66667,2.33333,13],"texture":"#5"},"up":{"uv":[10.33333,5,9.33333,4],"texture":"#5"},"down":{"uv":[5.66667,9.33333,4.66667,10.33333],"texture":"#5"}}},{"from":[7.35,0.65,7.25],"to":[8.65,1.15,8.75],"rotation":{"angle":22.5,"axis":"x","origin":[8,0.9,8]},"faces":{"north":{"uv":[2.66667,12.66667,3.5,13],"texture":"#5"},"east":{"uv":[4,12,5,12.33333],"texture":"#5"},"south":{"uv":[4,12.66667,4.83333,13],"texture":"#5"},"west":{"uv":[12,4,13,4.33333],"texture":"#5"},"up":{"uv":[10.83333,10.33333,10,9.33333],"texture":"#5"},"down":{"uv":[0.83333,10.66667,0,11.66667],"texture":"#5"}}},{"from":[7.35,3.25,7.25],"to":[8.65,3.75,8.75],"rotation":{"angle":22.5,"axis":"x","origin":[8,3.5,8]},"faces":{"north":{"uv":[5.33333,12.66667,6.16667,13],"texture":"#5"},"east":{"uv":[12,4.66667,13,5],"texture":"#5"},"south":{"uv":[12.66667,5.33333,13.5,5.66667],"texture":"#5"},"west":{"uv":[12,8.66667,13,9],"texture":"#5"},"up":{"uv":[11.5,1,10.66667,0],"texture":"#5"},"down":{"uv":[2.16667,10.66667,1.33333,11.66667],"texture":"#5"}}},{"from":[7.5,0.5,7.5],"to":[8.5,3.5,8.5],"rotation":{"angle":0,"axis":"y","origin":[7.5,0.5,8.5]},"faces":{"north":{"uv":[2,7.33333,2.66667,9.33333],"texture":"#5"},"east":{"uv":[2.66667,7.33333,3.33333,9.33333],"texture":"#5"},"south":{"uv":[7.33333,4.66667,8,6.66667],"texture":"#5"},"west":{"uv":[6,7.33333,6.66667,9.33333],"texture":"#5"}}},{"from":[7.4,3.5,7.4],"to":[8.6,5.5,8.6],"rotation":{"angle":0,"axis":"y","origin":[7.5,3.5,8.5]},"faces":{"north":{"uv":[8,3.33333,8.83333,4.66667],"texture":"#5"},"east":{"uv":[8,4.66667,8.83333,6],"texture":"#5"},"south":{"uv":[8,6,8.83333,7.33333],"texture":"#5"},"west":{"uv":[8,7.33333,8.83333,8.66667],"texture":"#5"}}},{"from":[7.4,6,7.4],"to":[8.6,10.75,8.6],"rotation":{"angle":0,"axis":"y","origin":[7.5,3.5,8.5]},"faces":{"north":{"uv":[15.16667,4,16,7.16667],"texture":"#5"},"east":{"uv":[14,4,14.83333,7.16667],"texture":"#5"},"south":{"uv":[15.16667,7.5,16,10.66667],"texture":"#5"},"west":{"uv":[0,5.33333,0.83333,8.5],"texture":"#5"}}},{"from":[7.4,-1,7.4],"to":[8.6,0,8.6],"rotation":{"angle":0,"axis":"y","origin":[7.25,-1,7.75]},"faces":{"north":{"uv":[10,7.33333,10.83333,8],"texture":"#5"},"east":{"uv":[10.66667,2.66667,11.5,3.33333],"texture":"#5"},"south":{"uv":[10.66667,3.33333,11.5,4],"texture":"#5"},"west":{"uv":[4,10.66667,4.83333,11.33333],"texture":"#5"}}},{"from":[7.3975,-1.37322,7.45],"to":[8.6025,-0.52322,8.3],"rotation":{"angle":-45,"axis":"x","origin":[7.9975,-0.82322,8]},"faces":{"north":{"uv":[10.66667,8.66667,11.5,9.16667],"texture":"#5"},"east":{"uv":[0.66667,13.33333,1.16667,13.83333],"texture":"#5"},"south":{"uv":[10,10.66667,10.83333,11.16667],"texture":"#5"},"west":{"uv":[1.33333,13.33333,1.83333,13.83333],"texture":"#5"},"up":{"uv":[4.83333,11.83333,4,11.33333],"texture":"#5"},"down":{"uv":[12.16667,5.33333,11.33333,5.83333],"texture":"#5"}}},{"from":[7.375,12.24461,8.8402],"to":[8.625,12.74461,11.0902],"rotation":{"angle":0,"axis":"x","origin":[8,12.49461,11.125]},"faces":{"north":{"uv":[7.5,13,6.66667,12.66667],"rotation":180,"texture":"#5"},"east":{"uv":[9,10,8.66667,11.5],"rotation":270,"texture":"#5"},"south":{"uv":[13.5,6,12.66667,6.33333],"texture":"#5"},"west":{"uv":[5.66667,10.66667,5.33333,12.16667],"rotation":90,"texture":"#5"},"up":{"uv":[8.83333,1.33333,8,2.83333],"rotation":180,"texture":"#5"},"down":{"uv":[7.5,7.33333,6.66667,8.83333],"texture":"#5"}}},{"from":[7.376,12.73889,10.26351],"to":[8.624,13.58889,11.18851],"rotation":{"angle":-22.5,"axis":"x","origin":[8,12.49461,11.125]},"faces":{"east":{"uv":[9.16667,12,8.66667,12.66667],"rotation":270,"texture":"#5"},"south":{"uv":[12.16667,6,11.33333,6.5],"texture":"#5"},"west":{"uv":[12.5,9.33333,12,10],"rotation":90,"texture":"#5"},"up":{"uv":[11.5,4,10.66667,4.66667],"rotation":180,"texture":"#5"}}},{"from":[7.376,11.40032,10.26351],"to":[8.624,12.25032,11.18851],"rotation":{"angle":22.5,"axis":"x","origin":[8,12.49461,11.125]},"faces":{"east":{"uv":[10.5,12,10,12.66667],"rotation":270,"texture":"#5"},"south":{"uv":[12.16667,6.66667,11.33333,7.16667],"texture":"#5"},"west":{"uv":[12.5,10,12,10.66667],"rotation":90,"texture":"#5"},"down":{"uv":[11.5,4.66667,10.66667,5.33333],"texture":"#5"}}},{"from":[7.5,11.37399,10.00438],"to":[8.5,13.37399,12.00438],"rotation":{"angle":45,"axis":"x","origin":[8,12.49461,11.125]},"faces":{"north":{"uv":[6.66667,9.33333,6,10.66667],"texture":"#5"},"east":{"uv":[4.66667,5.33333,3.33333,6.66667],"texture":"#5"},"south":{"uv":[10,5.33333,9.33333,6.66667],"texture":"#5"},"west":{"uv":[6,5.33333,4.66667,6.66667],"texture":"#5"},"up":{"uv":[7.33333,9.33333,6.66667,10.66667],"texture":"#5"},"down":{"uv":[10,8,9.33333,6.66667],"texture":"#5"}}},{"from":[7.375,12.74461,8.8402],"to":[8.625,13.24461,10.0902],"rotation":{"angle":0,"axis":"x","origin":[8,12.49461,11.125]},"faces":{"north":{"uv":[9.5,13,8.66667,12.66667],"rotation":180,"texture":"#5"},"east":{"uv":[13,6.66667,12.66667,7.5],"rotation":270,"texture":"#5"},"south":{"uv":[13.5,8,12.66667,8.33333],"texture":"#5"},"west":{"uv":[8.33333,12.66667,8,13.5],"rotation":90,"texture":"#5"},"up":{"uv":[11.5,1.33333,10.66667,2.16667],"rotation":180,"texture":"#5"}}},{"from":[7.375,11.74461,8.8402],"to":[8.625,12.24461,10.0902],"rotation":{"angle":0,"axis":"x","origin":[8,12.49461,11.125]},"faces":{"north":{"uv":[13.5,11,12.66667,10.66667],"rotation":180,"texture":"#5"},"east":{"uv":[13,9.33333,12.66667,10.16667],"rotation":270,"texture":"#5"},"south":{"uv":[11.5,12.66667,10.66667,13],"texture":"#5"},"west":{"uv":[10.33333,12.66667,10,13.5],"rotation":90,"texture":"#5"},"down":{"uv":[3.5,10.66667,2.66667,11.5],"texture":"#5"}}},{"from":[7.5,10.5,6],"to":[8.5,14.5,7],"rotation":{"angle":45,"axis":"x","origin":[8,12.5,8]},"faces":{"north":{"uv":[6,2,6.66667,4.66667],"texture":"#5"},"east":{"uv":[6,4.66667,6.66667,7.33333],"texture":"#5"},"south":{"uv":[6.66667,2,7.33333,4.66667],"texture":"#5"},"west":{"uv":[3.33333,6.66667,4,9.33333],"texture":"#5"},"up":{"uv":[8,7.33333,7.33333,6.66667],"texture":"#5"},"down":{"uv":[11.33333,6,10.66667,6.66667],"texture":"#5"}}},{"from":[7.5,10.5,9],"to":[8.5,14.5,10],"rotation":{"angle":45,"axis":"x","origin":[8,12.5,8]},"faces":{"north":{"uv":[4,6.66667,4.66667,9.33333],"texture":"#5"},"east":{"uv":[4.66667,6.66667,5.33333,9.33333],"texture":"#5"},"south":{"uv":[6.66667,4.66667,7.33333,7.33333],"texture":"#5"},"west":{"uv":[5.33333,6.66667,6,9.33333],"texture":"#5"},"up":{"uv":[11.33333,7.33333,10.66667,6.66667],"texture":"#5"},"down":{"uv":[11.33333,8,10.66667,8.66667],"texture":"#5"}}},{"from":[7.5,10.5,7],"to":[8.5,11.5,9],"rotation":{"angle":45,"axis":"x","origin":[8,12.5,8]},"faces":{"east":{"uv":[9.33333,8,10.66667,8.66667],"texture":"#5"},"west":{"uv":[9.33333,8.66667,10.66667,9.33333],"texture":"#5"},"up":{"uv":[8,10.66667,7.33333,9.33333],"texture":"#5"},"down":{"uv":[10,9.33333,9.33333,10.66667],"texture":"#5"}}},{"from":[7.5,13.5,7],"to":[8.5,14.5,9],"rotation":{"angle":45,"axis":"x","origin":[8,12.5,8]},"faces":{"east":{"uv":[0,10,1.33333,10.66667],"texture":"#5"},"west":{"uv":[10,5.33333,11.33333,6],"texture":"#5"},"up":{"uv":[10.66667,7.33333,10,6],"texture":"#5"},"down":{"uv":[8.66667,10,8,11.33333],"texture":"#5"}}},{"from":[7.985,10.99461,10.2848],"to":[8.015,13.99461,15.2848],"rotation":{"angle":0,"axis":"x","origin":[8,12.49461,11.125]},"faces":{"east":{"uv":[16,3.33333,14,0],"rotation":90,"texture":"#5"},"west":{"uv":[16,0,14,3.33333],"rotation":90,"texture":"#5"}}},{"from":[7,11.48921,7],"to":[9,13.48921,9],"rotation":{"angle":45,"axis":"x","origin":[8,12.48921,8]},"faces":{"north":{"uv":[6.5,0,10.5,4],"texture":"#4"},"east":{"uv":[6.5,0,10.5,4],"texture":"#4"},"south":{"uv":[6.5,0,10.5,4],"texture":"#4"},"west":{"uv":[6.5,0,10.5,4],"texture":"#4"},"up":{"uv":[6.5,0,10.5,4],"texture":"#4"},"down":{"uv":[6.5,0,10.5,4],"texture":"#4"}}},{"from":[5.65,11.25,4.7],"to":[5.68,16.25,7.7],"rotation":{"angle":22.5,"axis":"y","origin":[5.65,11.25,3.7]},"faces":{"east":{"uv":[6,0,0,10],"texture":"#4"},"west":{"uv":[0,0,6,10],"texture":"#4"}}},{"from":[10.32,11.25,4.7],"to":[10.35,16.25,7.7],"rotation":{"angle":-22.5,"axis":"y","origin":[10.35,11.25,3.7]},"faces":{"east":{"uv":[6,0,0,10],"texture":"#4"},"west":{"uv":[0,0,6,10],"texture":"#4"}}},{"from":[5.65,11.25,8.3],"to":[5.68,16.25,11.3],"rotation":{"angle":-22.5,"axis":"y","origin":[5.65,11.25,12.3]},"faces":{"east":{"uv":[0,0,6,10],"texture":"#4"},"west":{"uv":[6,0,0,10],"texture":"#4"}}},{"from":[10.32,11.25,8.3],"to":[10.35,16.25,11.3],"rotation":{"angle":22.5,"axis":"y","origin":[10.35,11.25,12.3]},"faces":{"east":{"uv":[0,0,6,10],"texture":"#4"},"west":{"uv":[6,0,0,10],"texture":"#4"}}},{"from":[7.59625,13.09625,2.15683],"to":[8.40375,13.90375,6.77183],"rotation":{"angle":0,"axis":"x","origin":[8,13.69605,5.06217]},"faces":{"north":{"uv":[13.33333,1.33333,13.83333,1.83333],"texture":"#5"},"east":{"uv":[7.33333,0,10.33333,0.5],"texture":"#5"},"south":{"uv":[2,13.33333,2.5,13.83333],"texture":"#5"},"west":{"uv":[7.33333,0.66667,10.33333,1.16667],"texture":"#5"},"up":{"uv":[1.83333,10.33333,1.33333,7.33333],"texture":"#5"},"down":{"uv":[7.83333,1.33333,7.33333,4.33333],"texture":"#5"}}},{"from":[7.66489,13.07762,0.91793],"to":[8.33511,13.74784,2.25838],"rotation":{"angle":-22.5,"axis":"x","origin":[8,13.59554,1.94139]},"faces":{"north":{"uv":[13.33333,2,13.83333,2.5],"texture":"#5"},"east":{"uv":[11.33333,7.33333,12.16667,7.83333],"texture":"#5"},"south":{"uv":[2.66667,13.33333,3.16667,13.83333],"texture":"#5"},"west":{"uv":[11.33333,8,12.16667,8.5],"texture":"#5"},"up":{"uv":[8.5,12.16667,8,11.33333],"texture":"#5"},"down":{"uv":[11.83333,9.33333,11.33333,10.16667],"texture":"#5"}}},{"from":[7.73526,12.43113,0.13125],"to":[8.26474,12.96061,1.29521],"rotation":{"angle":-45,"axis":"x","origin":[8,12.74587,0.71323]},"faces":{"north":{"uv":[13.33333,2.66667,13.66667,3],"texture":"#5"},"east":{"uv":[12.66667,11.33333,13.5,11.66667],"texture":"#5"},"south":{"uv":[3.33333,13.33333,3.66667,13.66667],"texture":"#5"},"west":{"uv":[12,12.66667,12.83333,13],"texture":"#5"},"up":{"uv":[0.33333,14.16667,0,13.33333],"texture":"#5"},"down":{"uv":[13.66667,0,13.33333,0.83333],"texture":"#5"}}},{"from":[7.725,14.38921,6.875],"to":[8.275,16.63921,9.125],"rotation":{"angle":45,"axis":"x","origin":[8,15.51421,8]},"faces":{"north":{"uv":[6,10.66667,6.33333,12.16667],"texture":"#5"},"east":{"uv":[5.33333,0,6.83333,1.5],"texture":"#5"},"south":{"uv":[6.66667,10.66667,7,12.16667],"texture":"#5"},"west":{"uv":[1.33333,5.33333,2.83333,6.83333],"texture":"#5"},"up":{"uv":[7.66667,12.16667,7.33333,10.66667],"texture":"#5"},"down":{"uv":[9.66667,10.66667,9.33333,12.16667],"texture":"#5"}}},{"from":[7.985,10.5,-0.65],"to":[8.015,13.5,6.6],"rotation":{"angle":0,"axis":"y","origin":[7.985,7.5,0.6]},"faces":{"east":{"uv":[4.83333,0,0,2],"texture":"#5"},"west":{"uv":[0,0,4.83333,2],"texture":"#5"}}},{"from":[7.5,10.5,-0.75],"to":[7.5,14.5,6.25],"rotation":{"angle":0,"axis":"x","origin":[7.75,14.5,14.25]},"faces":{"west":{"uv":[0,14.00417,8.00417,0],"rotation":90,"texture":"#2"}}},{"from":[8.5,10.5,-0.75],"to":[8.5,14.5,6.25],"rotation":{"angle":0,"axis":"x","origin":[8.25,14.5,14.25]},"faces":{"east":{"uv":[0,0,8.00417,14.00417],"rotation":90,"texture":"#2"}}}],"gui_light":"front","display":{"thirdperson_righthand":{"translation":[0,3,0.75]},"thirdperson_lefthand":{"translation":[0,3,0.75]},"firstperson_righthand":{"rotation":[-10,0,0],"translation":[0,4.25,0]},"firstperson_lefthand":{"rotation":[-10,0,0],"translation":[0,4.25,0]},"ground":{"rotation":[-45,0,0],"translation":[0,8,0]},"gui":{"rotation":[-90,45,90],"translation":[0.75,-0.5,0],"scale":[0.74805,0.74805,0.74805]},"head":{"rotation":[0,-90,0]},"fixed":{"rotation":[0,-90,0],"translation":[0,0.25,-1.75],"scale":[2.5,2.5,2.5]}}}