{"credit":"Made by PolygonMC","textures":{"2":"mysticcyanset:animations/animations_3","4":"mysticcyanset:animations/animations_1","5":"mysticcyanset:trident","particle":"mysticcyanset:trident"},"elements":[{"from":[7.25,0,7.25],"to":[8.75,0.5,8.75],"rotation":{"angle":0,"axis":"y","origin":[7.5,0,8.5]},"faces":{"north":{"uv":[8,11.33333,9,11.66667],"texture":"#5"},"east":{"uv":[11.33333,8,12.33333,8.33333],"texture":"#5"},"south":{"uv":[11.33333,8.66667,12.33333,9],"texture":"#5"},"west":{"uv":[9.33333,11.33333,10.33333,11.66667],"texture":"#5"},"up":{"uv":[7,9.66667,6,8.66667],"texture":"#5"},"down":{"uv":[8.33333,8.66667,7.33333,9.66667],"texture":"#5"}}},{"from":[7.25,6,7.25],"to":[8.75,6.5,8.75],"rotation":{"angle":0,"axis":"y","origin":[7.5,0,8.5]},"faces":{"north":{"uv":[6,12,7,12.33333],"texture":"#5"},"east":{"uv":[12,6,13,6.33333],"texture":"#5"},"south":{"uv":[12,6.66667,13,7],"texture":"#5"},"west":{"uv":[7.33333,12,8.33333,12.33333],"texture":"#5"},"up":{"uv":[5.66667,10.33333,4.66667,9.33333],"texture":"#5"},"down":{"uv":[10.33333,6,9.33333,7],"texture":"#5"}}},{"from":[7.25,10.25,7.25],"to":[8.75,10.75,8.75],"rotation":{"angle":0,"axis":"y","origin":[7.5,10.25,8.5]},"faces":{"north":{"uv":[11.33333,9.33333,12.33333,9.66667],"texture":"#5"},"east":{"uv":[11.33333,10,12.33333,10.33333],"texture":"#5"},"south":{"uv":[10.66667,11.33333,11.66667,11.66667],"texture":"#5"},"west":{"uv":[11.33333,10.66667,12.33333,11],"texture":"#5"},"up":{"uv":[9.66667,9.66667,8.66667,8.66667],"texture":"#5"},"down":{"uv":[10.33333,0,9.33333,1],"texture":"#5"}}},{"from":[7.25,11.5,7.25],"to":[8.75,12,8.75],"rotation":{"angle":0,"axis":"y","origin":[7.5,11.5,8.5]},"faces":{"north":{"uv":[12,0,13,0.33333],"texture":"#5"},"east":{"uv":[0.66667,12,1.66667,12.33333],"texture":"#5"},"south":{"uv":[12,0.66667,13,1],"texture":"#5"},"west":{"uv":[12,1.33333,13,1.66667],"texture":"#5"},"up":{"uv":[10.33333,2.33333,9.33333,1.33333],"texture":"#5"},"down":{"uv":[4.33333,9.33333,3.33333,10.33333],"texture":"#5"}}},{"from":[7.35,19.25,7.35],"to":[8.65,20.25,8.65],"rotation":{"angle":0,"axis":"y","origin":[7.5,11.5,8.5]},"faces":{"north":{"uv":[2,11.33333,2.83333,12],"texture":"#5"},"east":{"uv":[2,11.33333,2.83333,12],"texture":"#5"},"south":{"uv":[2,11.33333,2.83333,12],"texture":"#5"},"west":{"uv":[2,11.33333,2.83333,12],"texture":"#5"},"up":{"uv":[11.5,0.83333,10.66667,0],"texture":"#5"},"down":{"uv":[1.83333,10.83333,1,11.66667],"texture":"#5"}}},{"from":[7.35,6.65,7.25],"to":[8.65,7.15,8.75],"rotation":{"angle":22.5,"axis":"x","origin":[8,6.9,8]},"faces":{"north":{"uv":[8.66667,12,9.5,12.33333],"texture":"#5"},"east":{"uv":[2,12,3,12.33333],"texture":"#5"},"south":{"uv":[10,12,10.83333,12.33333],"texture":"#5"},"west":{"uv":[12,2,13,2.33333],"texture":"#5"},"up":{"uv":[6.83333,11,6,10],"texture":"#5"},"down":{"uv":[8.16667,10,7.33333,11],"texture":"#5"}}},{"from":[7.35,9.25,7.25],"to":[8.65,9.75,8.75],"rotation":{"angle":22.5,"axis":"x","origin":[8,9.5,8]},"faces":{"north":{"uv":[11.33333,12,12.16667,12.33333],"texture":"#5"},"east":{"uv":[12,2.66667,13,3],"texture":"#5"},"south":{"uv":[12,11.33333,12.83333,11.66667],"texture":"#5"},"west":{"uv":[4,12,5,12.33333],"texture":"#5"},"up":{"uv":[10.83333,8.33333,10,7.33333],"texture":"#5"},"down":{"uv":[9.5,10,8.66667,11],"texture":"#5"}}},{"from":[7.5,6.5,7.5],"to":[8.5,9.5,8.5],"rotation":{"angle":0,"axis":"y","origin":[7.5,6.5,8.5]},"faces":{"north":{"uv":[6.66667,5.33333,7.33333,7.33333],"texture":"#5"},"east":{"uv":[6,6.66667,6.66667,8.66667],"texture":"#5"},"south":{"uv":[7.33333,0,8,2],"texture":"#5"},"west":{"uv":[7.33333,2,8,4],"texture":"#5"}}},{"from":[7.4,9.5,7.4],"to":[8.6,11.5,8.6],"rotation":{"angle":0,"axis":"y","origin":[7.5,9.5,8.5]},"faces":{"north":{"uv":[0.66667,8.66667,1.5,10],"texture":"#5"},"east":{"uv":[2,8.66667,2.83333,10],"texture":"#5"},"south":{"uv":[8.66667,3.33333,9.5,4.66667],"texture":"#5"},"west":{"uv":[8.66667,4.66667,9.5,6],"texture":"#5"}}},{"from":[7.4,-1,7.4],"to":[8.6,0,8.6],"rotation":{"angle":0,"axis":"y","origin":[7.25,-1,7.75]},"faces":{"north":{"uv":[10.66667,1.33333,11.5,2],"texture":"#5"},"east":{"uv":[10.66667,2,11.5,2.66667],"texture":"#5"},"south":{"uv":[10.66667,2.66667,11.5,3.33333],"texture":"#5"},"west":{"uv":[3.33333,10.66667,4.16667,11.33333],"texture":"#5"}}},{"from":[7.3975,-1.37322,7.45],"to":[8.6025,-0.52322,8.3],"rotation":{"angle":-45,"axis":"x","origin":[7.9975,-0.82322,8]},"faces":{"north":{"uv":[11.33333,3.33333,12.16667,3.83333],"texture":"#5"},"east":{"uv":[12.66667,7.33333,13.16667,7.83333],"texture":"#5"},"south":{"uv":[4,11.33333,4.83333,11.83333],"texture":"#5"},"west":{"uv":[12.66667,8,13.16667,8.5],"texture":"#5"},"up":{"uv":[12.16667,4.5,11.33333,4],"texture":"#5"},"down":{"uv":[6.16667,11.33333,5.33333,11.83333],"texture":"#5"}}},{"from":[7.25,23.46421,7],"to":[8.75,25.46421,9],"rotation":{"angle":45,"axis":"x","origin":[8,24.46421,8]},"faces":{"north":{"uv":[7.33333,4,8.33333,5.33333],"texture":"#5"},"east":{"uv":[5.33333,0,6.66667,1.33333],"texture":"#5"},"south":{"uv":[7.33333,5.33333,8.33333,6.66667],"texture":"#5"},"west":{"uv":[5.33333,1.33333,6.66667,2.66667],"texture":"#5"},"up":{"uv":[7.66667,8.66667,6.66667,7.33333],"texture":"#5"},"down":{"uv":[9,0,8,1.33333],"texture":"#5"}}},{"from":[7.375,21.99461,4.9098],"to":[8.625,22.49461,7.1598],"rotation":{"angle":0,"axis":"y","origin":[8,22.24461,5.79019]},"faces":{"north":{"uv":[1.5,13,0.66667,12.66667],"rotation":180,"texture":"#5"},"east":{"uv":[0,11.33333,0.33333,12.83333],"rotation":90,"texture":"#5"},"south":{"uv":[2.83333,12.66667,2,13],"texture":"#5"},"west":{"uv":[3.33333,11.33333,3.66667,12.83333],"rotation":270,"texture":"#5"},"up":{"uv":[8,6.66667,8.83333,8.16667],"texture":"#5"},"down":{"uv":[8,1.33333,8.83333,2.83333],"rotation":180,"texture":"#5"}}},{"from":[7.376,22.13866,4.88115],"to":[8.624,22.98866,5.80615],"rotation":{"angle":22.5,"axis":"x","origin":[8,22.24461,5.79019]},"faces":{"north":{"uv":[7.5,11.83333,6.66667,11.33333],"rotation":180,"texture":"#5"},"east":{"uv":[8.66667,6,9.16667,6.66667],"rotation":90,"texture":"#5"},"west":{"uv":[12,4.66667,12.5,5.33333],"rotation":270,"texture":"#5"},"up":{"uv":[4.66667,10.66667,5.5,11.33333],"texture":"#5"}}},{"from":[7.376,21.50055,4.88115],"to":[8.624,22.35055,5.80615],"rotation":{"angle":-22.5,"axis":"x","origin":[8,22.24461,5.79019]},"faces":{"north":{"uv":[12.16667,7.83333,11.33333,7.33333],"rotation":180,"texture":"#5"},"east":{"uv":[5.33333,12,5.83333,12.66667],"rotation":90,"texture":"#5"},"west":{"uv":[12,5.33333,12.5,6],"rotation":270,"texture":"#5"},"down":{"uv":[10.66667,4.66667,11.5,5.33333],"rotation":180,"texture":"#5"}}},{"from":[7.5,21.77113,4.26368],"to":[8.5,23.77113,6.26368],"rotation":{"angle":-45,"axis":"x","origin":[8,22.24461,5.79019]},"faces":{"north":{"uv":[4.66667,8,5.33333,9.33333],"texture":"#5"},"east":{"uv":[5.33333,2.66667,6.66667,4],"texture":"#5"},"south":{"uv":[0,11.33274,0.66667,10],"texture":"#5"},"west":{"uv":[3.33333,5.33333,4.66667,6.66667],"texture":"#5"},"up":{"uv":[10,8.66667,9.33333,7.33333],"texture":"#5"},"down":{"uv":[0.66667,10,0,11.33333],"texture":"#5"}}},{"from":[7.375,22.49461,5.9098],"to":[8.625,22.99461,7.1598],"rotation":{"angle":0,"axis":"y","origin":[8,22.24461,5.79019]},"faces":{"north":{"uv":[5.5,13,4.66667,12.66667],"rotation":180,"texture":"#5"},"east":{"uv":[12.66667,3.33333,13,4.16667],"rotation":90,"texture":"#5"},"south":{"uv":[13.5,4.66667,12.66667,5],"texture":"#5"},"west":{"uv":[4,12.66667,4.33333,13.5],"rotation":270,"texture":"#5"},"up":{"uv":[10,8.66667,10.83333,9.5],"texture":"#5"}}},{"from":[7.375,21.49461,5.9098],"to":[8.625,21.99461,7.1598],"rotation":{"angle":0,"axis":"y","origin":[8,22.24461,5.79019]},"faces":{"north":{"uv":[13.5,5.66667,12.66667,5.33333],"rotation":180,"texture":"#5"},"east":{"uv":[6,12.66667,6.33333,13.5],"rotation":90,"texture":"#5"},"south":{"uv":[8.16667,12.66667,7.33333,13],"texture":"#5"},"west":{"uv":[6.66667,12.66667,7,13.5],"rotation":270,"texture":"#5"},"down":{"uv":[10,10,10.83333,10.83333],"rotation":180,"texture":"#5"}}},{"from":[7.375,22.49461,8.8402],"to":[8.625,22.99461,10.0902],"rotation":{"angle":0,"axis":"y","origin":[8,22.24461,10.20981]},"faces":{"north":{"uv":[12.66667,4.66667,13.5,5],"texture":"#5"},"east":{"uv":[12.66667,4.16667,13,3.33333],"rotation":90,"texture":"#5"},"south":{"uv":[4.66667,13,5.5,12.66667],"rotation":180,"texture":"#5"},"west":{"uv":[4,13.5,4.33333,12.66667],"rotation":270,"texture":"#5"},"up":{"uv":[10,9.5,10.83333,8.66667],"texture":"#5"}}},{"from":[7.375,21.99461,8.8402],"to":[8.625,22.49461,11.0902],"rotation":{"angle":0,"axis":"y","origin":[8,22.24461,10.20981]},"faces":{"north":{"uv":[2,12.66667,2.83333,13],"texture":"#5"},"east":{"uv":[0,12.83333,0.33333,11.33333],"rotation":90,"texture":"#5"},"south":{"uv":[0.66667,13,1.5,12.66667],"rotation":180,"texture":"#5"},"west":{"uv":[3.33333,12.83333,3.66667,11.33333],"rotation":270,"texture":"#5"},"up":{"uv":[8,8.16667,8.83333,6.66667],"texture":"#5"},"down":{"uv":[8,2.83333,8.83333,1.33333],"rotation":180,"texture":"#5"}}},{"from":[7.375,21.49461,8.8402],"to":[8.625,21.99461,10.0902],"rotation":{"angle":0,"axis":"y","origin":[8,22.24461,10.20981]},"faces":{"north":{"uv":[7.33333,12.66667,8.16667,13],"texture":"#5"},"east":{"uv":[6,13.5,6.33333,12.66667],"rotation":90,"texture":"#5"},"south":{"uv":[12.66667,5.66667,13.5,5.33333],"rotation":180,"texture":"#5"},"west":{"uv":[6.66667,13.5,7,12.66667],"rotation":270,"texture":"#5"},"down":{"uv":[10,10.83333,10.83333,10],"rotation":180,"texture":"#5"}}},{"from":[7.376,22.13866,10.19385],"to":[8.624,22.98866,11.11885],"rotation":{"angle":-22.5,"axis":"x","origin":[8,22.24461,10.20981]},"faces":{"east":{"uv":[8.66667,6.66667,9.16667,6],"rotation":90,"texture":"#5"},"south":{"uv":[6.66667,11.83333,7.5,11.33333],"rotation":180,"texture":"#5"},"west":{"uv":[12,5.33333,12.5,4.66667],"rotation":270,"texture":"#5"},"up":{"uv":[4.66667,11.33333,5.5,10.66667],"texture":"#5"}}},{"from":[7.376,21.50055,10.19385],"to":[8.624,22.35055,11.11885],"rotation":{"angle":22.5,"axis":"x","origin":[8,22.24461,10.20981]},"faces":{"east":{"uv":[5.33333,12.66667,5.83333,12],"rotation":90,"texture":"#5"},"south":{"uv":[11.33333,7.83333,12.16667,7.33333],"rotation":180,"texture":"#5"},"west":{"uv":[12,6,12.5,5.33333],"rotation":270,"texture":"#5"},"down":{"uv":[10.66667,5.33333,11.5,4.66667],"rotation":180,"texture":"#5"}}},{"from":[7.5,21.77113,9.73632],"to":[8.5,23.77113,11.73632],"rotation":{"angle":45,"axis":"x","origin":[8,22.24461,10.20981]},"faces":{"north":{"uv":[0.66667,11.33274,0,10],"texture":"#5"},"east":{"uv":[6.66667,2.66667,5.33333,4],"texture":"#5"},"south":{"uv":[5.33333,8,4.66667,9.33333],"texture":"#5"},"west":{"uv":[4.66667,5.33333,3.33333,6.66667],"texture":"#5"},"up":{"uv":[10,7.33333,9.33333,8.66667],"texture":"#5"},"down":{"uv":[0.66667,11.33333,0,10],"texture":"#5"}}},{"from":[7.5,20.25,6],"to":[8.5,24.25,7],"rotation":{"angle":45,"axis":"x","origin":[8,22.25,8]},"faces":{"north":{"uv":[5.33333,4,6,6.66667],"texture":"#5"},"east":{"uv":[4.66667,5.33333,5.33333,8],"texture":"#5"},"south":{"uv":[6,4,6.66667,6.66667],"texture":"#5"},"west":{"uv":[6.66667,0,7.33333,2.66667],"texture":"#5"}}},{"from":[7.5,20.25,9],"to":[8.5,24.25,10],"rotation":{"angle":45,"axis":"x","origin":[8,22.25,8]},"faces":{"north":{"uv":[6.66667,2.66667,7.33333,5.33333],"texture":"#5"},"east":{"uv":[3.33333,6.66667,4,9.33333],"texture":"#5"},"south":{"uv":[4,6.66667,4.66667,9.33333],"texture":"#5"},"west":{"uv":[5.33333,6.66667,6,9.33333],"texture":"#5"},"up":{"uv":[8,7.33333,7.33333,6.66667],"texture":"#5"},"down":{"uv":[8.66667,3.33333,8,4],"texture":"#5"}}},{"from":[7.5,20.25,7],"to":[8.5,21.25,9],"rotation":{"angle":45,"axis":"x","origin":[8,22.25,8]},"faces":{"east":{"uv":[9.33333,2.66667,10.66667,3.33333],"texture":"#5"},"west":{"uv":[0.66667,10,2,10.66667],"texture":"#5"},"down":{"uv":[2.66667,10,2,11.33333],"texture":"#5"}}},{"from":[7.5,23.25,7],"to":[8.5,24.25,9],"rotation":{"angle":45,"axis":"x","origin":[8,22.25,8]},"faces":{"east":{"uv":[10,3.33333,11.33333,4],"texture":"#5"},"west":{"uv":[10,4,11.33333,4.66667],"texture":"#5"},"up":{"uv":[3.33333,11.33333,2.66667,10],"texture":"#5"},"down":{"uv":[10.66667,4.66667,10,6],"texture":"#5"}}},{"from":[7,21.23921,7],"to":[9,23.23921,9],"rotation":{"angle":45,"axis":"x","origin":[8,22.23921,8]},"faces":{"north":{"uv":[6.5,0,10.5,4],"texture":"#4"},"east":{"uv":[6.5,0,10.5,4],"texture":"#4"},"south":{"uv":[6.5,0,10.5,4],"texture":"#4"},"west":{"uv":[6.5,0,10.5,4],"texture":"#4"},"up":{"uv":[6.5,0,10.5,4],"texture":"#4"},"down":{"uv":[6.5,0,10.5,4],"texture":"#4"}}},{"from":[5.65,21,4.7],"to":[5.68,26,7.7],"rotation":{"angle":22.5,"axis":"y","origin":[5.65,21,3.7]},"faces":{"east":{"uv":[6,0,0,10],"texture":"#4"},"west":{"uv":[0,0,6,10],"texture":"#4"}}},{"from":[5.65,21,8.3],"to":[5.68,26,11.3],"rotation":{"angle":-22.5,"axis":"y","origin":[5.65,21,12.3]},"faces":{"east":{"uv":[0,0,6,10],"texture":"#4"},"west":{"uv":[6,0,0,10],"texture":"#4"}}},{"from":[10.32,21,8.3],"to":[10.35,26,11.3],"rotation":{"angle":22.5,"axis":"y","origin":[10.35,21,12.3]},"faces":{"east":{"uv":[0,0,6,10],"texture":"#4"},"west":{"uv":[6,0,0,10],"texture":"#4"}}},{"from":[10.32,21,4.7],"to":[10.35,26,7.7],"rotation":{"angle":-22.5,"axis":"y","origin":[10.35,21,3.7]},"faces":{"east":{"uv":[6,0,0,10],"texture":"#4"},"west":{"uv":[0,0,6,10],"texture":"#4"}}},{"from":[7.5,0.5,7.5],"to":[8.5,6,8.5],"rotation":{"angle":0,"axis":"y","origin":[7.5,0.5,7.5]},"faces":{"north":{"uv":[3.33333,4.66667,2.66667,8.33333],"texture":"#5"},"east":{"uv":[2.66667,4.66667,3.33333,8.33333],"texture":"#5"},"south":{"uv":[3.33333,4.66667,2.66667,8.33333],"texture":"#5"},"west":{"uv":[2.66667,4.66667,3.33333,8.33333],"texture":"#5"}}},{"from":[7.5,12,7.5],"to":[8.5,19.25,8.5],"rotation":{"angle":0,"axis":"y","origin":[7.5,0.5,7.5]},"faces":{"north":{"uv":[5.33333,0,4.66667,4.83333],"texture":"#5"},"east":{"uv":[4.66667,0,5.33333,4.83333],"texture":"#5"},"south":{"uv":[5.33333,0,4.66667,4.83333],"texture":"#5"},"west":{"uv":[4.66667,0,5.33333,4.83333],"texture":"#5"}}},{"from":[7.985,24,4.625],"to":[8.015,31,11.375],"rotation":{"angle":0,"axis":"y","origin":[7.985,0,6.375]},"faces":{"east":{"uv":[4.5,0,0,4.66667],"texture":"#5"},"west":{"uv":[0,0,4.5,4.66667],"texture":"#5"}}},{"from":[7.75,25.5,6],"to":[7.75,31.5,10],"rotation":{"angle":0,"axis":"y","origin":[0,0,6]},"faces":{"west":{"uv":[0,0,8,12],"texture":"#2"}}},{"from":[8.25,25.5,6],"to":[8.25,31.5,10],"rotation":{"angle":0,"axis":"y","origin":[16,0,6]},"faces":{"east":{"uv":[8,0,0,12],"texture":"#2"}}}],"gui_light":"front","display":{"thirdperson_righthand":{"translation":[0,-2.25,0.75]},"thirdperson_lefthand":{"translation":[0,-2.25,0.75]},"firstperson_righthand":{"rotation":[-10,0,0],"translation":[0,-3.25,1]},"firstperson_lefthand":{"rotation":[-10,0,0],"translation":[0,-3.25,1]},"ground":{"rotation":[-45,0,0],"translation":[0,8,4.25]},"gui":{"rotation":[-90,45,90],"translation":[3.5,-3.5,0],"scale":[0.74805,0.74805,0.74805]},"head":{"rotation":[0,90,0]},"fixed":{"rotation":[0,90,0],"translation":[0,-14,-1.75],"scale":[2.5,2.5,2.5]}}}