{"credit":"MadebyPolygonMC","texture_size":[28,28],"textures":{"1":"valerieset:animations/animation_1","2":"valerieset:hammer","particle":"valerieset:hammer"},"elements":[{"from":[7.43,-1.32,7.43],"to":[8.57,-0.18,8.57],"rotation":{"angle":-45,"axis":"x","origin":[8,-0.75,8]},"faces":{"north":{"uv":[1.71429,12.57143,2.42857,13.28571],"texture":"#2"},"east":{"uv":[12.57143,1.71429,13.28571,2.42857],"texture":"#2"},"south":{"uv":[12.57143,4.57143,13.28571,5.28571],"texture":"#2"},"west":{"uv":[12.57143,5.71429,13.28571,6.42857],"texture":"#2"},"up":{"uv":[13.28571,8.14286,12.57143,7.42857],"texture":"#2"},"down":{"uv":[9.85714,12.57143,9.14286,13.28571],"texture":"#2"}}},{"from":[7.5,-0.5,7.5],"to":[8.5,0.5,8.5],"rotation":{"angle":0,"axis":"y","origin":[7.5,-0.5,7.5]},"faces":{"north":{"uv":[4.57143,5.71429,5.14286,6.28571],"texture":"#2"},"east":{"uv":[4.57143,6.28571,5.14286,6.85714],"texture":"#2"},"south":{"uv":[7.42857,6.28571,8,6.85714],"texture":"#2"},"west":{"uv":[4,8,4.57143,8.57143],"texture":"#2"},"up":{"uv":[4.57143,9.14286,4,8.57143],"texture":"#2"},"down":{"uv":[9.71429,9.71429,9.14286,10.28571],"texture":"#2"}}},{"from":[7.5,2.25,7.5],"to":[8.5,3.25,8.5],"rotation":{"angle":0,"axis":"y","origin":[7.5,2.25,7.5]},"faces":{"north":{"uv":[12.57143,11.42857,13.14286,12],"texture":"#2"},"east":{"uv":[12,12.57143,12.57143,13.14286],"texture":"#2"},"south":{"uv":[12.57143,12,13.14286,12.57143],"texture":"#2"},"west":{"uv":[12.57143,12.57143,13.14286,13.14286],"texture":"#2"},"up":{"uv":[13.71429,0.57143,13.14286,0],"texture":"#2"},"down":{"uv":[13.71429,0.57143,13.14286,1.14286],"texture":"#2"}}},{"from":[7.5,5,7.5],"to":[8.5,6,8.5],"rotation":{"angle":0,"axis":"y","origin":[7.5,2.25,7.5]},"faces":{"north":{"uv":[13.14286,1.14286,13.71429,1.71429],"texture":"#2"},"east":{"uv":[5.14286,13.14286,5.71429,13.71429],"texture":"#2"},"south":{"uv":[8.57143,13.14286,9.14286,13.71429],"texture":"#2"},"west":{"uv":[13.14286,9.14286,13.71429,9.71429],"texture":"#2"},"up":{"uv":[13.71429,10.28571,13.14286,9.71429],"texture":"#2"},"down":{"uv":[13.71429,11.42857,13.14286,12],"texture":"#2"}}},{"from":[7.5,15.25,7.5],"to":[8.5,16.25,8.5],"rotation":{"angle":0,"axis":"y","origin":[7.5,15.25,7.5]},"faces":{"north":{"uv":[12,13.14286,12.57143,13.71429],"texture":"#2"},"east":{"uv":[13.14286,12,13.71429,12.57143],"texture":"#2"},"south":{"uv":[12.57143,13.14286,13.14286,13.71429],"texture":"#2"},"west":{"uv":[13.14286,12.57143,13.71429,13.14286],"texture":"#2"},"up":{"uv":[13.71429,13.71429,13.14286,13.14286],"texture":"#2"},"down":{"uv":[0.57143,13.71429,0,14.28571],"texture":"#2"}}},{"from":[7.5,17,7.5],"to":[8.5,17.5,8.5],"rotation":{"angle":0,"axis":"y","origin":[7.5,17,7.5]},"faces":{"north":{"uv":[3.42857,13.71429,4,14],"texture":"#2"},"east":{"uv":[13.71429,3.42857,14.28571,3.71429],"texture":"#2"},"south":{"uv":[13.71429,4,14.28571,4.28571],"texture":"#2"},"west":{"uv":[13.71429,4.57143,14.28571,4.85714],"texture":"#2"},"up":{"uv":[14.28571,0.57143,13.71429,0],"texture":"#2"},"down":{"uv":[1.14286,13.71429,0.57143,14.28571],"texture":"#2"}}},{"from":[7.25,17.5,7.25],"to":[8.75,18.5,8.75],"rotation":{"angle":0,"axis":"y","origin":[7.5,17.5,7.5]},"faces":{"north":{"uv":[12.57143,2.85714,13.42857,3.42857],"texture":"#2"},"east":{"uv":[12.57143,8.57143,13.42857,9.14286],"texture":"#2"},"south":{"uv":[12.57143,10.28571,13.42857,10.85714],"texture":"#2"},"west":{"uv":[12.57143,10.85714,13.42857,11.42857],"texture":"#2"},"up":{"uv":[12.28571,11.14286,11.42857,10.28571],"texture":"#2"},"down":{"uv":[12.28571,11.42857,11.42857,12.28571],"texture":"#2"}}},{"from":[7.6,0.5,7.6],"to":[8.4,6.75,8.4],"rotation":{"angle":0,"axis":"y","origin":[7.5,0.5,7.5]},"faces":{"north":{"uv":[3.42857,9.71429,3.85714,13.28571],"texture":"#2"},"east":{"uv":[10.85714,3.42857,11.28571,7],"texture":"#2"},"south":{"uv":[4,10.85714,4.42857,14.42857],"texture":"#2"},"west":{"uv":[4.57143,10.85714,5,14.42857],"texture":"#2"},"up":{"uv":[14.14286,2.71429,13.71429,2.28571],"texture":"#2"},"down":{"uv":[14.14286,2.85714,13.71429,3.28571],"texture":"#2"}}},{"from":[7.6,14.75,7.6],"to":[8.4,17,8.4],"rotation":{"angle":0,"axis":"y","origin":[7.5,0.5,7.5]},"faces":{"north":{"uv":[10.28571,12,10.71429,13.28571],"texture":"#2"},"east":{"uv":[10.85714,12,11.28571,13.28571],"texture":"#2"},"south":{"uv":[12.57143,0,13,1.28571],"texture":"#2"},"west":{"uv":[1.14286,12.57143,1.57143,13.85714],"texture":"#2"}}},{"from":[6.8,18.75,7],"to":[9.2,20.75,9],"rotation":{"angle":-45,"axis":"x","origin":[8,19.75,8]},"faces":{"north":{"uv":[8,3.42857,9.42857,4.57143],"texture":"#2"},"east":{"uv":[11.42857,4.57143,12.57143,5.71429],"texture":"#2"},"south":{"uv":[10.85714,0,12.28571,1.14286],"texture":"#2"},"west":{"uv":[11.42857,5.71429,12.57143,6.85714],"texture":"#2"},"up":{"uv":[12.28571,2.28571,10.85714,1.14286],"texture":"#2"},"down":{"uv":[12.28571,2.28571,10.85714,3.42857],"texture":"#2"}}},{"from":[7.75,16.09462,6.14246],"to":[8.25,17.09462,8.14246],"rotation":{"angle":45,"axis":"x","origin":[8,16.59462,7.14246]},"faces":{"north":{"uv":[5.14286,13.71429,5.42857,14.28571],"texture":"#2"},"east":{"uv":[9.14286,12,10.28571,12.57143],"texture":"#2"},"south":{"uv":[13.71429,5.14286,14,5.71429],"texture":"#2"},"west":{"uv":[12,9.14286,13.14286,9.71429],"texture":"#2"},"up":{"uv":[14,1.71429,13.71429,0.57143],"texture":"#2"},"down":{"uv":[2,13.71429,1.71429,14.85714],"texture":"#2"}}},{"from":[7.755,16.94818,6.0818],"to":[8.245,19.94818,6.7918],"rotation":{"angle":0,"axis":"x","origin":[8.005,17.94818,6.5818]},"faces":{"north":{"uv":[2.85714,12.57143,3.14286,14.28571],"texture":"#2"},"east":{"uv":[8.57143,11.42857,9,13.14286],"texture":"#2"},"south":{"uv":[11.42857,12.57143,11.71429,14.28571],"texture":"#2"},"west":{"uv":[12,7.42857,12.42857,9.14286],"texture":"#2"},"up":{"uv":[6,14.14286,5.71429,13.71429],"texture":"#2"},"down":{"uv":[14,5.71429,13.71429,6.14286],"texture":"#2"}}},{"from":[7.75,16.09462,7.85754],"to":[8.25,17.09462,9.85754],"rotation":{"angle":-45,"axis":"x","origin":[8,16.59462,8.85754]},"faces":{"north":{"uv":[14,5.14286,13.71429,5.71429],"texture":"#2"},"east":{"uv":[10.28571,12,9.14286,12.57143],"texture":"#2"},"south":{"uv":[5.42857,13.71429,5.14286,14.28571],"texture":"#2"},"west":{"uv":[13.14286,9.14286,12,9.71429],"texture":"#2"},"up":{"uv":[14,0.57143,13.71429,1.71429],"texture":"#2"},"down":{"uv":[2,14.85714,1.71429,13.71429],"texture":"#2"}}},{"from":[7.755,16.94818,9.2082],"to":[8.245,19.94818,9.9182],"rotation":{"angle":0,"axis":"x","origin":[8.005,17.94818,9.4182]},"faces":{"north":{"uv":[11.71429,12.57143,11.42857,14.28571],"texture":"#2"},"east":{"uv":[9,11.42857,8.57143,13.14286],"texture":"#2"},"south":{"uv":[3.14286,12.57143,2.85714,14.28571],"texture":"#2"},"west":{"uv":[12.42857,7.42857,12,9.14286],"texture":"#2"},"up":{"uv":[6,13.71429,5.71429,14.14286],"texture":"#2"},"down":{"uv":[14,6.14286,13.71429,5.71429],"texture":"#2"}}},{"from":[7.5,6.75,7.5],"to":[8.5,14.75,8.5],"rotation":{"angle":0,"axis":"y","origin":[7.1,5.5,7.1]},"faces":{"north":{"uv":[5.71429,9.14286,6.28571,13.71429],"texture":"#2"},"east":{"uv":[6.28571,9.14286,6.85714,13.71429],"texture":"#2"},"south":{"uv":[6.85714,9.14286,7.42857,13.71429],"texture":"#2"},"west":{"uv":[7.42857,9.14286,8,13.71429],"texture":"#2"},"up":{"uv":[14.28571,2.28571,13.71429,1.71429],"texture":"#2"},"down":{"uv":[2.85714,13.71429,2.28571,14.28571],"texture":"#2"}}},{"from":[7.15,18.25,6.5],"to":[8.85,21.25,9.5],"rotation":{"angle":-45,"axis":"x","origin":[8,19.75,8]},"faces":{"north":{"uv":[8,9.71429,9,11.42857],"texture":"#2"},"east":{"uv":[8,8,9.71429,9.71429],"texture":"#2"},"south":{"uv":[9.71429,8.57143,10.71429,10.28571],"texture":"#2"},"west":{"uv":[4,9.14286,5.71429,10.85714],"texture":"#2"},"up":{"uv":[10.14286,12,9.14286,10.28571],"texture":"#2"},"down":{"uv":[11.28571,10.28571,10.28571,12],"texture":"#2"}}},{"from":[6.05,17.925,4.2375],"to":[9.95,21.825,6.8375],"rotation":{"angle":0,"axis":"y","origin":[-3.05,-5.94,-1.0125]},"faces":{"north":{"uv":[5.14286,4.57143,7.42857,6.85714],"texture":"#2"},"east":{"uv":[7.71429,6.85714,6.28571,9.14286],"texture":"#2"},"south":{"uv":[0,5.71429,2.28571,8],"texture":"#2"},"west":{"uv":[6.28571,6.85714,7.71429,9.14286],"texture":"#2"},"up":{"uv":[6.28571,6.85714,7.71429,9.14286],"rotation":90,"texture":"#2"},"down":{"uv":[6.28571,6.85714,7.71429,9.14286],"rotation":90,"texture":"#2"}}},{"from":[5.725,17.6,-0.9625],"to":[10.275,22.15,2.9375],"rotation":{"angle":0,"axis":"y","origin":[-3.05,-5.94,-1.0125]},"faces":{"north":{"uv":[0,0,2.57143,2.57143],"texture":"#2"},"east":{"uv":[2.85714,0,5.14286,2.57143],"texture":"#2"},"south":{"uv":[0,2.85714,2.57143,5.42857],"texture":"#2"},"west":{"uv":[2.85714,2.85714,5.14286,5.42857],"texture":"#2"},"up":{"uv":[2.85714,2.85714,5.14286,5.42857],"rotation":90,"texture":"#2"},"down":{"uv":[5.14286,2.85714,2.85714,5.42857],"rotation":90,"texture":"#2"}}},{"from":[6.05,17.925,-1.6125],"to":[9.95,21.825,-0.9625],"rotation":{"angle":0,"axis":"y","origin":[-3.05,-5.94,-1.0125]},"faces":{"north":{"uv":[2.28571,5.71429,4.57143,8],"texture":"#2"},"east":{"uv":[5.14286,10.85714,5.57143,13.14286],"texture":"#2"},"west":{"uv":[8,11.42857,8.42857,13.71429],"texture":"#2"},"up":{"uv":[13.14286,10.14286,10.85714,9.71429],"texture":"#2"},"down":{"uv":[13.71429,6.85714,11.42857,7.28571],"texture":"#2"}}},{"from":[6.375,18.25,2.9375],"to":[9.625,21.5,4.2375],"rotation":{"angle":0,"axis":"y","origin":[-3.05,-5.94,-1.0125]},"faces":{"east":{"uv":[10.85714,7.42857,11.57143,9.28571],"texture":"#2"},"west":{"uv":[0,11.42857,0.71429,13.28571],"texture":"#2"},"up":{"uv":[3,12.14286,1.14286,11.42857],"texture":"#2"},"down":{"uv":[3,12.14286,1.14286,11.42857],"texture":"#2"}}},{"from":[6.05,17.925,9.1625],"to":[9.95,21.825,11.7625],"rotation":{"angle":0,"axis":"y","origin":[-3.05,-5.94,17.0125]},"faces":{"north":{"uv":[2.28571,5.71429,0,8],"texture":"#2"},"east":{"uv":[6.28571,6.85714,7.71429,9.14286],"texture":"#2"},"south":{"uv":[7.42857,4.57143,5.14286,6.85714],"texture":"#2"},"west":{"uv":[7.71429,6.85714,6.28571,9.14286],"texture":"#2"},"up":{"uv":[7.71429,6.85714,6.28571,9.14286],"rotation":90,"texture":"#2"},"down":{"uv":[7.71429,6.85714,6.28571,9.14286],"rotation":90,"texture":"#2"}}},{"from":[6.375,18.25,11.7625],"to":[9.625,21.5,13.0625],"rotation":{"angle":0,"axis":"y","origin":[-3.05,-5.94,17.0125]},"faces":{"east":{"uv":[11.57143,7.42857,10.85714,9.28571],"texture":"#2"},"west":{"uv":[0.71429,11.42857,0,13.28571],"texture":"#2"},"up":{"uv":[3,11.42857,1.14286,12.14286],"texture":"#2"},"down":{"uv":[3,11.42857,1.14286,12.14286],"texture":"#2"}}},{"from":[5.725,17.6,13.0625],"to":[10.275,22.15,16.9625],"rotation":{"angle":0,"axis":"y","origin":[-3.05,-5.94,17.0125]},"faces":{"north":{"uv":[2.57143,2.85714,0,5.42857],"texture":"#2"},"east":{"uv":[5.14286,0,2.85714,2.57143],"texture":"#2"},"south":{"uv":[2.57143,0,0,2.57143],"texture":"#2"},"west":{"uv":[5.14286,2.85714,2.85714,5.42857],"texture":"#2"},"up":{"uv":[5.14286,2.85714,2.85714,5.42857],"rotation":90,"texture":"#2"},"down":{"uv":[2.85714,2.85714,5.14286,5.42857],"rotation":90,"texture":"#2"}}},{"from":[6.05,17.925,16.9625],"to":[9.95,21.825,17.6125],"rotation":{"angle":0,"axis":"y","origin":[-3.05,-5.94,17.0125]},"faces":{"east":{"uv":[5.57143,10.85714,5.14286,13.14286],"texture":"#2"},"south":{"uv":[4.57143,5.71429,2.28571,8],"texture":"#2"},"west":{"uv":[8.42857,11.42857,8,13.71429],"texture":"#2"},"up":{"uv":[13.14286,9.71429,10.85714,10.14286],"texture":"#2"},"down":{"uv":[13.71429,7.28571,11.42857,6.85714],"texture":"#2"}}},{"from":[7,18.5,4.625],"to":[7.05,25.25,11.375],"rotation":{"angle":0,"axis":"y","origin":[7,18.5,4.625]},"faces":{"east":{"uv":[16,0,0,16],"texture":"#1"},"west":{"uv":[0,0,16,16],"texture":"#1"}}},{"from":[8.95,18.5,4.625],"to":[9,25.25,11.375],"rotation":{"angle":0,"axis":"y","origin":[9,18.5,4.625]},"faces":{"east":{"uv":[16,0,0,16],"texture":"#1"},"west":{"uv":[0,0,16,16],"texture":"#1"}}}],"gui_light":"front","display":{"thirdperson_righthand":{"translation":[0,3,0.75]},"thirdperson_lefthand":{"translation":[0,3,0.75]},"firstperson_righthand":{"rotation":[-10,0,0],"translation":[0,-0.25,0]},"firstperson_lefthand":{"rotation":[-10,0,0],"translation":[0,-0.25,0]},"ground":{"translation":[0,9.5,0]},"gui":{"rotation":[90,-45,90],"translation":[3,-3,0],"scale":[0.69141,0.69141,0.69141]},"head":{"scale":[0,0,0]},"fixed":{"rotation":[90,-90,90],"translation":[0,-5,-2],"scale":[2,2,2]}}}