{
	"credit": "Made by PolygonMC",
	"textures": {
		"1": "akiraset:chest_animation",
		"2": "akiraset:fishing_rod_cast",
		"particle": "akiraset:fishing_rod_cast"
	},
	"elements": [
		{
			"from": [7.4, 0, 7],
			"to": [8.6, 0.5, 9],
			"rotation": {"angle": -22.5, "axis": "x", "origin": [8, 0.25, 8]},
			"faces": {
				"north": {"uv": [1, 14, 2.25, 14.5], "texture": "#2"},
				"east": {"uv": [11, 12, 13, 12.5], "texture": "#2"},
				"south": {"uv": [14, 2, 15.25, 2.5], "texture": "#2"},
				"west": {"uv": [0, 13, 2, 13.5], "texture": "#2"},
				"up": {"uv": [10.25, 12, 9, 10], "texture": "#2"},
				"down": {"uv": [1.25, 11, 0, 13], "texture": "#2"}
			}
		},
		{
			"from": [7.5, 0.2, 7.5],
			"to": [8.5, 1.2, 8.5],
			"rotation": {"angle": 0, "axis": "y", "origin": [7.5, 0, 7.5]},
			"faces": {
				"north": {"uv": [13, 0, 14, 1], "texture": "#2"},
				"east": {"uv": [13, 1, 14, 2], "texture": "#2"},
				"south": {"uv": [2, 13, 3, 14], "texture": "#2"},
				"west": {"uv": [13, 2, 14, 3], "texture": "#2"},
				"up": {"uv": [4, 14, 3, 13], "texture": "#2"},
				"down": {"uv": [14, 3, 13, 4], "texture": "#2"}
			}
		},
		{
			"from": [7.5, 2.2, 7.5],
			"to": [8.5, 2.7, 8.5],
			"rotation": {"angle": 0, "axis": "y", "origin": [7.5, 2, 7.5]},
			"faces": {
				"north": {"uv": [7, 14, 8, 14.5], "texture": "#2"},
				"east": {"uv": [14, 7, 15, 7.5], "texture": "#2"},
				"south": {"uv": [8, 14, 9, 14.5], "texture": "#2"},
				"west": {"uv": [14, 8, 15, 8.5], "texture": "#2"},
				"up": {"uv": [5, 14, 4, 13], "texture": "#2"},
				"down": {"uv": [14, 6, 13, 7], "texture": "#2"}
			}
		},
		{
			"from": [7.5, 4.7, 7.5],
			"to": [8.5, 5.2, 8.5],
			"rotation": {"angle": 0, "axis": "y", "origin": [7.5, 4.5, 7.5]},
			"faces": {
				"north": {"uv": [9, 14, 10, 14.5], "texture": "#2"},
				"east": {"uv": [14, 9, 15, 9.5], "texture": "#2"},
				"south": {"uv": [10, 14, 11, 14.5], "texture": "#2"},
				"west": {"uv": [14, 10, 15, 10.5], "texture": "#2"},
				"up": {"uv": [14, 8, 13, 7], "texture": "#2"},
				"down": {"uv": [14, 8, 13, 9], "texture": "#2"}
			}
		},
		{
			"from": [7.55, 7.2, 7.55],
			"to": [8.45, 8.2, 8.45],
			"rotation": {"angle": 0, "axis": "y", "origin": [7.5, 8.4, 7.5]},
			"faces": {
				"north": {"uv": [13, 9, 14, 10], "texture": "#2"},
				"east": {"uv": [13, 10, 14, 11], "texture": "#2"},
				"south": {"uv": [11, 13, 12, 14], "texture": "#2"},
				"west": {"uv": [13, 11, 14, 12], "texture": "#2"}
			}
		},
		{
			"from": [7.55, 14.975, 7.425],
			"to": [8.45, 16.725, 8.325],
			"rotation": {"angle": -22.5, "axis": "x", "origin": [8, 15.475, 7.875]},
			"faces": {
				"north": {"uv": [4, 11, 5, 12.75], "texture": "#2"},
				"east": {"uv": [11, 4, 12, 5.75], "texture": "#2"},
				"south": {"uv": [11, 6, 12, 7.75], "texture": "#2"},
				"west": {"uv": [11, 8, 12, 9.75], "texture": "#2"},
				"up": {"uv": [13, 14, 12, 13], "texture": "#2"}
			}
		},
		{
			"from": [7.694, 16.82158, 6.30548],
			"to": [8.306, 17.43358, 7.74548],
			"rotation": {"angle": 45, "axis": "x", "origin": [8, 17.10258, 6.87548]},
			"faces": {
				"north": {"uv": [11, 14, 11.5, 14.5], "texture": "#2"},
				"east": {"uv": [13, 12, 14.5, 12.5], "texture": "#2"},
				"west": {"uv": [13, 13, 14.5, 13.5], "texture": "#2"},
				"up": {"uv": [0.5, 15.5, 0, 14], "texture": "#2"},
				"down": {"uv": [14.5, 0, 14, 1.5], "texture": "#2"}
			}
		},
		{
			"from": [7.6, 1.2, 7.6],
			"to": [8.4, 6.2, 8.4],
			"rotation": {"angle": 0, "axis": "y", "origin": [7.5, 2.5, 7.5]},
			"faces": {
				"north": {"uv": [9, 0, 9.75, 5], "texture": "#2"},
				"east": {"uv": [9, 5, 9.75, 10], "texture": "#2"},
				"south": {"uv": [10, 0, 10.75, 5], "texture": "#2"},
				"west": {"uv": [10, 5, 10.75, 10], "texture": "#2"},
				"up": {"uv": [6.75, 14.75, 6, 14], "texture": "#2"},
				"down": {"uv": [14.75, 6, 14, 6.75], "texture": "#2"}
			}
		},
		{
			"from": [7.5, 6.05, 7.25],
			"to": [8.5, 7.55, 8.75],
			"rotation": {"angle": -45, "axis": "x", "origin": [8, 6.8, 8]},
			"faces": {
				"north": {"uv": [12, 6, 13, 7.5], "texture": "#2"},
				"east": {"uv": [11, 0, 12.5, 1.5], "texture": "#2"},
				"south": {"uv": [12, 8, 13, 9.5], "texture": "#2"},
				"west": {"uv": [2, 11, 3.5, 12.5], "texture": "#2"},
				"up": {"uv": [10, 13.5, 9, 12], "texture": "#2"},
				"down": {"uv": [11, 12, 10, 13.5], "texture": "#2"}
			}
		},
		{
			"from": [7.4, 8.2, 7.4],
			"to": [8.6, 15.2, 8.6],
			"rotation": {"angle": 0, "axis": "y", "origin": [7, 8.6, 7]},
			"faces": {
				"north": {"uv": [5, 0, 6.25, 7], "texture": "#2"},
				"east": {"uv": [7, 0, 8.25, 7], "texture": "#2"},
				"south": {"uv": [5, 7, 6.25, 14], "texture": "#2"},
				"west": {"uv": [7, 7, 8.25, 14], "texture": "#2"},
				"up": {"uv": [12.25, 11.25, 11, 10], "texture": "#2"},
				"down": {"uv": [13.25, 4, 12, 5.25], "texture": "#2"}
			}
		},
		{
			"from": [7.25, 9.125, 6.25],
			"to": [8.75, 9.125, 7.75],
			"rotation": {"angle": 0, "axis": "y", "origin": [7.25, 0, 0]},
			"faces": {
				"north": {"uv": [0, 0, 1.5, 0], "texture": "#2"},
				"east": {"uv": [0, 0, 1.5, 0], "texture": "#2"},
				"south": {"uv": [0, 0, 1.5, 0], "texture": "#2"},
				"west": {"uv": [0, 0, 1.5, 0], "texture": "#2"},
				"up": {"uv": [12.5, 3.5, 11, 2], "texture": "#2"},
				"down": {"uv": [11, 2, 12.5, 3.5], "texture": "#2"}
			}
		},
		{
			"from": [7.25, 11.125, 6.25],
			"to": [8.75, 11.125, 7.75],
			"rotation": {"angle": 0, "axis": "y", "origin": [7.25, 0, 0]},
			"faces": {
				"north": {"uv": [0, 0, 1.5, 0], "texture": "#2"},
				"east": {"uv": [0, 0, 1.5, 0], "texture": "#2"},
				"south": {"uv": [0, 0, 1.5, 0], "texture": "#2"},
				"west": {"uv": [0, 0, 1.5, 0], "texture": "#2"},
				"up": {"uv": [12.5, 3.5, 11, 2], "texture": "#2"},
				"down": {"uv": [11, 2, 12.5, 3.5], "texture": "#2"}
			}
		},
		{
			"from": [7.25, 13.125, 6.25],
			"to": [8.75, 13.125, 7.75],
			"rotation": {"angle": 0, "axis": "y", "origin": [7.25, 0, 0]},
			"faces": {
				"north": {"uv": [0, 0, 1.5, 0], "texture": "#2"},
				"east": {"uv": [0, 0, 1.5, 0], "texture": "#2"},
				"south": {"uv": [0, 0, 1.5, 0], "texture": "#2"},
				"west": {"uv": [0, 0, 1.5, 0], "texture": "#2"},
				"up": {"uv": [12.5, 3.5, 11, 2], "texture": "#2"},
				"down": {"uv": [11, 2, 12.5, 3.5], "texture": "#2"}
			}
		},
		{
			"from": [7.25, 15.125, 6.25],
			"to": [8.75, 15.125, 7.75],
			"rotation": {"angle": 0, "axis": "y", "origin": [7.25, 0, 0]},
			"faces": {
				"north": {"uv": [0, 0, 1.5, 0], "texture": "#2"},
				"east": {"uv": [0, 0, 1.5, 0], "texture": "#2"},
				"south": {"uv": [0, 0, 1.5, 0], "texture": "#2"},
				"west": {"uv": [0, 0, 1.5, 0], "texture": "#2"},
				"up": {"uv": [12.5, 3.5, 11, 2], "texture": "#2"},
				"down": {"uv": [11, 2, 12.5, 3.5], "texture": "#2"}
			}
		},
		{
			"from": [7.25, 16.225, 5.65],
			"to": [8.75, 16.225, 7.15],
			"rotation": {"angle": -22.5, "axis": "x", "origin": [8, 16.375, 6.5]},
			"faces": {
				"north": {"uv": [0, 0, 1.5, 0], "texture": "#2"},
				"east": {"uv": [0, 0, 1.5, 0], "texture": "#2"},
				"south": {"uv": [0, 0, 1.5, 0], "texture": "#2"},
				"west": {"uv": [0, 0, 1.5, 0], "texture": "#2"},
				"up": {"uv": [12.5, 3.5, 11, 2], "texture": "#2"},
				"down": {"uv": [11, 2, 12.5, 3.5], "texture": "#2"}
			}
		},
		{
			"from": [7.25, 17.09513, 4.94776],
			"to": [8.75, 17.09513, 6.44776],
			"rotation": {"angle": -45, "axis": "x", "origin": [8, 17.14513, 6.07276]},
			"faces": {
				"north": {"uv": [0, 0, 1.5, 0], "texture": "#2"},
				"east": {"uv": [0, 0, 1.5, 0], "texture": "#2"},
				"south": {"uv": [0, 0, 1.5, 0], "texture": "#2"},
				"west": {"uv": [0, 0, 1.5, 0], "texture": "#2"},
				"up": {"uv": [12.5, 3.5, 11, 2], "texture": "#2"},
				"down": {"uv": [11, 2, 12.5, 3.5], "texture": "#2"}
			}
		},
		{
			"from": [8, 7, 2.75],
			"to": [8, 17.5, 7.75],
			"rotation": {"angle": 0, "axis": "y", "origin": [8, 0, 0]},
			"faces": {
				"north": {"uv": [0, 0, 0, 10.5], "texture": "#2"},
				"east": {"uv": [5, 0, 0, 10.5], "texture": "#2"},
				"south": {"uv": [0, 0, 0, 10.5], "texture": "#2"},
				"west": {"uv": [0, 0, 5, 10.5], "texture": "#2"},
				"up": {"uv": [0, 5, 0, 0], "texture": "#2"},
				"down": {"uv": [0, 0, 0, 5], "texture": "#2"}
			}
		},
		{
			"from": [8, 6.875, 8.35],
			"to": [8, 12.375, 9.85],
			"rotation": {"angle": 0, "axis": "y", "origin": [12, 9.625, 3.35]},
			"faces": {
				"north": {"uv": [0, 0, 0, 5.5], "texture": "#1"},
				"east": {"uv": [0, 0, 3, 11], "texture": "#1"},
				"south": {"uv": [0, 0, 0, 5.5], "texture": "#1"},
				"west": {"uv": [3, 0, 0, 11], "texture": "#1"},
				"up": {"uv": [0, 0, 1.5, 0], "rotation": 270, "texture": "#1"},
				"down": {"uv": [0, 0, 1.5, 0], "rotation": 90, "texture": "#1"}
			}
		}
	],
	"gui_light": "front",
	"display": {
		"thirdperson_righthand": {
			"rotation": [18.75, 0, 0],
			"translation": [0, 2, 2]
		},
		"thirdperson_lefthand": {
			"rotation": [18.75, 0, 0],
			"translation": [0, 2, 2]
		},
		"firstperson_righthand": {
			"rotation": [-55, 9, -29],
			"translation": [-3.5, 4.75, 4.5]
		},
		"firstperson_lefthand": {
			"rotation": [-55, 9, -29],
			"translation": [-3.5, 4.75, 4.5]
		},
		"ground": {
			"translation": [0, 7.5, 0]
		},
		"gui": {
			"rotation": [-90, 45, 90],
			"translation": [1.25, 0.5, 0],
			"scale": [1.13867, 1.13867, 1.13867]
		},
		"head": {
			"scale": [0, 0, 0]
		},
		"fixed": {
			"rotation": [0, -90, 0],
			"translation": [-4.25, -2.75, -1.5],
			"scale": [2.5, 2.5, 2.5]
		}
	}
}