{"credit":"MadebyPolygonMC","texture_size":[20,20],"textures":{"1":"akiraset:animation_1","2":"akiraset:hoe","particle":"akiraset:hoe"},"elements":[{"from":[7.4,0,7],"to":[8.6,0.5,9],"rotation":{"angle":-22.5,"axis":"x","origin":[8,0.25,8]},"faces":{"north":{"uv":[8.8,14.4,9.8,14.8],"texture":"#2"},"east":{"uv":[12.8,2.4,14.4,2.8],"texture":"#2"},"south":{"uv":[14.4,8.8,15.4,9.2],"texture":"#2"},"west":{"uv":[12,12.8,13.6,13.2],"texture":"#2"},"up":{"uv":[10.6,1.6,9.6,0],"texture":"#2"},"down":{"uv":[10.6,1.6,9.6,3.2],"texture":"#2"}}},{"from":[7.5,0.2,7.5],"to":[8.5,1.2,8.5],"rotation":{"angle":0,"axis":"y","origin":[7.5,0,7.5]},"faces":{"north":{"uv":[9.6,8.8,10.4,9.6],"texture":"#2"},"east":{"uv":[13.6,0,14.4,0.8],"texture":"#2"},"south":{"uv":[0.8,13.6,1.6,14.4],"texture":"#2"},"west":{"uv":[13.6,0.8,14.4,1.6],"texture":"#2"},"up":{"uv":[2.4,14.4,1.6,13.6],"texture":"#2"},"down":{"uv":[3.2,13.6,2.4,14.4],"texture":"#2"}}},{"from":[7.5,2.2,7.5],"to":[8.5,2.7,8.5],"rotation":{"angle":0,"axis":"y","origin":[7.5,2,7.5]},"faces":{"north":{"uv":[14.4,10.4,15.2,10.8],"texture":"#2"},"east":{"uv":[14.4,11.2,15.2,11.6],"texture":"#2"},"south":{"uv":[12,14.4,12.8,14.8],"texture":"#2"},"west":{"uv":[14.4,12,15.2,12.4],"texture":"#2"},"up":{"uv":[4,14.4,3.2,13.6],"texture":"#2"},"down":{"uv":[14.4,3.2,13.6,4],"texture":"#2"}}},{"from":[7.5,4.7,7.5],"to":[8.5,5.2,8.5],"rotation":{"angle":0,"axis":"y","origin":[7.5,4.5,7.5]},"faces":{"north":{"uv":[12.8,14.4,13.6,14.8],"texture":"#2"},"east":{"uv":[14.4,12.8,15.2,13.2],"texture":"#2"},"south":{"uv":[13.6,14.4,14.4,14.8],"texture":"#2"},"west":{"uv":[14.4,13.6,15.2,14],"texture":"#2"},"up":{"uv":[14.4,4.8,13.6,4],"texture":"#2"},"down":{"uv":[14.4,4.8,13.6,5.6],"texture":"#2"}}},{"from":[7.5,15.2,7.5],"to":[8.5,16.2,8.5],"rotation":{"angle":0,"axis":"y","origin":[7.5,16.4,7.5]},"faces":{"north":{"uv":[13.6,7.2,14.4,8],"texture":"#2"},"east":{"uv":[8,13.6,8.8,14.4],"texture":"#2"},"south":{"uv":[13.6,8,14.4,8.8],"texture":"#2"},"west":{"uv":[13.6,8.8,14.4,9.6],"texture":"#2"},"up":{"uv":[14.4,10.4,13.6,9.6],"texture":"#2"},"down":{"uv":[14.4,10.4,13.6,11.2],"texture":"#2"}}},{"from":[7.55,7.2,7.55],"to":[8.45,8.2,8.45],"rotation":{"angle":0,"axis":"y","origin":[7.5,8.4,7.5]},"faces":{"north":{"uv":[13.6,11.2,14.4,12],"texture":"#2"},"east":{"uv":[12,13.6,12.8,14.4],"texture":"#2"},"south":{"uv":[13.6,12,14.4,12.8],"texture":"#2"},"west":{"uv":[12.8,13.6,13.6,14.4],"texture":"#2"}}},{"from":[7.6,1.2,7.6],"to":[8.4,6.2,8.4],"rotation":{"angle":0,"axis":"y","origin":[7.5,2.5,7.5]},"faces":{"north":{"uv":[4.8,7.2,5.4,11.2],"texture":"#2"},"east":{"uv":[8.8,0,9.4,4],"texture":"#2"},"south":{"uv":[8.8,5.6,9.4,9.6],"texture":"#2"},"west":{"uv":[7.2,8.8,7.8,12.8],"texture":"#2"},"up":{"uv":[15,10.2,14.4,9.6],"texture":"#2"},"down":{"uv":[11,14.4,10.4,15],"texture":"#2"}}},{"from":[7.425,15.8,7],"to":[8.575,17.8,9],"rotation":{"angle":-45,"axis":"x","origin":[8,16.8,8]},"faces":{"north":{"uv":[9.6,5.6,10.6,7.2],"texture":"#2"},"east":{"uv":[7.2,5.6,8.8,7.2],"texture":"#2"},"south":{"uv":[9.6,7.2,10.6,8.8],"texture":"#2"},"west":{"uv":[7.2,7.2,8.8,8.8],"texture":"#2"},"up":{"uv":[9.8,11.2,8.8,9.6],"texture":"#2"},"down":{"uv":[11.4,8.8,10.4,10.4],"texture":"#2"}}},{"from":[7.225,16.05,7.25],"to":[8.775,17.55,8.75],"rotation":{"angle":-45,"axis":"x","origin":[8,16.8,8]},"faces":{"north":{"uv":[11.2,0,12.4,1.2],"texture":"#2"},"east":{"uv":[11.2,1.6,12.4,2.8],"texture":"#2"},"south":{"uv":[11.2,5.6,12.4,6.8],"texture":"#2"},"west":{"uv":[11.2,7.2,12.4,8.4],"texture":"#2"},"up":{"uv":[10,12.4,8.8,11.2],"texture":"#2"},"down":{"uv":[11.6,11.2,10.4,12.4],"texture":"#2"}}},{"from":[7.5,6.05,7.25],"to":[8.5,7.55,8.75],"rotation":{"angle":-45,"axis":"x","origin":[8,6.8,8]},"faces":{"north":{"uv":[12.8,7.2,13.6,8.4],"texture":"#2"},"east":{"uv":[12,3.2,13.2,4.4],"texture":"#2"},"south":{"uv":[8.8,12.8,9.6,14],"texture":"#2"},"west":{"uv":[12,8.8,13.2,10],"texture":"#2"},"up":{"uv":[10.4,14,9.6,12.8],"texture":"#2"},"down":{"uv":[11.2,12.8,10.4,14],"texture":"#2"}}},{"from":[7.75,15.591,4.96967],"to":[8.25,16.591,5.96967],"rotation":{"angle":22.5,"axis":"x","origin":[8,16.20711,8]},"faces":{"north":{"uv":[14.4,14.4,14.8,15.2],"texture":"#2"},"east":{"uv":[13.6,12.8,14.4,13.6],"texture":"#2"},"south":{"uv":[0,15.2,0.4,16],"texture":"#2"},"west":{"uv":[13.6,13.6,14.4,14.4],"texture":"#2"},"up":{"uv":[15.6,0.8,15.2,0],"texture":"#2"},"down":{"uv":[15.6,0.8,15.2,1.6],"texture":"#2"}}},{"from":[7.75,13.17677,7.38389],"to":[8.25,14.17677,8.38389],"rotation":{"angle":22.5,"axis":"x","origin":[8,16.20711,8]},"faces":{"north":{"uv":[15.2,1.6,15.6,2.4],"texture":"#2"},"east":{"uv":[0,14.4,0.8,15.2],"texture":"#2"},"south":{"uv":[15.2,2.4,15.6,3.2],"texture":"#2"},"west":{"uv":[14.4,0,15.2,0.8],"texture":"#2"},"up":{"uv":[15.6,4,15.2,3.2],"texture":"#2"},"down":{"uv":[4.4,15.2,4,16],"texture":"#2"}}},{"from":[7.75,14.591,5.96968],"to":[8.25,16.591,6.96968],"rotation":{"angle":22.5,"axis":"x","origin":[8,16.20711,8]},"faces":{"north":{"uv":[0.8,14.4,1.2,16],"texture":"#2"},"east":{"uv":[6.4,9.6,7.2,11.2],"texture":"#2"},"south":{"uv":[14.4,0.8,14.8,2.4],"texture":"#2"},"west":{"uv":[4.8,11.2,5.6,12.8],"texture":"#2"},"up":{"uv":[15.6,4.8,15.2,4],"texture":"#2"},"down":{"uv":[5.2,15.2,4.8,16],"texture":"#2"}}},{"from":[7.75,10.40902,1.37348],"to":[8.25,12.40902,2.37348],"rotation":{"angle":22.5,"axis":"x","origin":[8,16.20711,8]},"faces":{"north":{"uv":[1.6,14.4,2,16],"texture":"#2"},"east":{"uv":[6.4,11.2,7.2,12.8],"texture":"#2"},"south":{"uv":[2.4,14.4,2.8,16],"texture":"#2"},"west":{"uv":[12,11.2,12.8,12.8],"texture":"#2"},"up":{"uv":[15.6,5.6,15.2,4.8],"texture":"#2"},"down":{"uv":[15.6,5.6,15.2,6.4],"texture":"#2"}}},{"from":[7.755,17.20711,0.62869],"to":[8.245,18.20711,6.12869],"rotation":{"angle":-22.5,"axis":"x","origin":[8,16.20711,8]},"faces":{"east":{"uv":[7.2,4,11.6,4.8],"texture":"#2"},"west":{"uv":[7.2,4.8,11.6,5.6],"texture":"#2"},"up":{"uv":[8.4,13.2,8,8.8],"texture":"#2"},"down":{"uv":[6,9.6,5.6,14],"texture":"#2"}}},{"from":[7.755,14.5,5.42157],"to":[8.245,16.5,6.42157],"rotation":{"angle":-22.5,"axis":"x","origin":[8,16.20711,8]},"faces":{"north":{"uv":[14.4,2.4,14.8,4],"texture":"#2"},"east":{"uv":[0,12.8,0.8,14.4],"texture":"#2"},"south":{"uv":[3.2,14.4,3.6,16],"texture":"#2"},"west":{"uv":[12.8,0,13.6,1.6],"texture":"#2"},"up":{"uv":[15.6,7.2,15.2,6.4],"texture":"#2"},"down":{"uv":[15.6,7.2,15.2,8],"texture":"#2"}}},{"from":[7.4,8.2,7.4],"to":[8.6,15.2,8.6],"rotation":{"angle":0,"axis":"y","origin":[7,8.6,7]},"faces":{"north":{"uv":[5.6,4,6.6,9.6],"texture":"#2"},"east":{"uv":[0,7.2,1,12.8],"texture":"#2"},"south":{"uv":[1.6,7.2,2.6,12.8],"texture":"#2"},"west":{"uv":[3.2,7.2,4.2,12.8],"texture":"#2"},"up":{"uv":[13.8,6.6,12.8,5.6],"texture":"#2"},"down":{"uv":[7.4,12.8,6.4,13.8],"texture":"#2"}}},{"from":[8,13.2,-4.5],"to":[8,18.2,6.5],"rotation":{"angle":-22.5,"axis":"x","origin":[8,16.20711,8]},"faces":{"north":{"uv":[0,0,0,4],"texture":"#2"},"east":{"uv":[8.8,0,0,4],"texture":"#2"},"south":{"uv":[0,0,0,4],"texture":"#2"},"west":{"uv":[0,0,8.8,4],"texture":"#2"},"up":{"uv":[0,8.8,0,0],"texture":"#2"},"down":{"uv":[0,0,0,8.8],"texture":"#2"}}},{"from":[8,14.2,9.75],"to":[8,18.2,16.75],"rotation":{"angle":-22.5,"axis":"x","origin":[8,16.20711,8]},"faces":{"north":{"uv":[0,0,0,3.2],"texture":"#2"},"east":{"uv":[5.6,4,0,7.2],"texture":"#2"},"south":{"uv":[0,0,0,3.2],"texture":"#2"},"west":{"uv":[0,4,5.6,7.2],"texture":"#2"},"up":{"uv":[0,5.6,0,0],"texture":"#2"},"down":{"uv":[0,0,0,5.6],"texture":"#2"}}},{"from":[7.75,18.23743,7.61611],"to":[8.25,19.23743,8.61611],"rotation":{"angle":22.5,"axis":"x","origin":[8,16.20711,8]},"faces":{"north":{"uv":[15.2,8,15.6,8.8],"texture":"#2"},"east":{"uv":[4,14.4,4.8,15.2],"texture":"#2"},"south":{"uv":[8.8,15.2,9.2,16],"texture":"#2"},"west":{"uv":[14.4,4,15.2,4.8],"texture":"#2"},"up":{"uv":[10,16,9.6,15.2],"texture":"#2"},"down":{"uv":[15.6,9.6,15.2,10.4],"texture":"#2"}}},{"from":[7.75,15.82322,10.03033],"to":[8.25,16.82322,11.03033],"rotation":{"angle":22.5,"axis":"x","origin":[8,16.20711,8]},"faces":{"north":{"uv":[10.4,15.2,10.8,16],"texture":"#2"},"east":{"uv":[4.8,14.4,5.6,15.2],"texture":"#2"},"south":{"uv":[15.2,10.4,15.6,11.2],"texture":"#2"},"west":{"uv":[14.4,4.8,15.2,5.6],"texture":"#2"},"up":{"uv":[11.6,16,11.2,15.2],"texture":"#2"},"down":{"uv":[15.6,11.2,15.2,12],"texture":"#2"}}},{"from":[7.75,17.23743,7.61611],"to":[8.25,18.23743,9.61611],"rotation":{"angle":22.5,"axis":"x","origin":[8,16.20711,8]},"faces":{"north":{"uv":[12,15.2,12.4,16],"texture":"#2"},"east":{"uv":[12,4.8,13.6,5.6],"texture":"#2"},"south":{"uv":[15.2,12,15.6,12.8],"texture":"#2"},"west":{"uv":[0.8,12.8,2.4,13.6],"texture":"#2"},"up":{"uv":[6,16,5.6,14.4],"texture":"#2"},"down":{"uv":[14.8,5.6,14.4,7.2],"texture":"#2"}}},{"from":[7.75,20.68558,9.02645],"to":[8.25,21.68558,11.02645],"rotation":{"angle":22.5,"axis":"x","origin":[8,15.05906,5.22836]},"faces":{"north":{"uv":[12.8,15.2,13.2,16],"texture":"#2"},"east":{"uv":[12.8,1.6,14.4,2.4],"texture":"#2"},"south":{"uv":[15.2,12.8,15.6,13.6],"texture":"#2"},"west":{"uv":[2.4,12.8,4,13.6],"texture":"#2"},"up":{"uv":[6.8,16,6.4,14.4],"texture":"#2"},"down":{"uv":[7.6,14.4,7.2,16],"texture":"#2"}}},{"from":[7.755,17.20711,9.87131],"to":[8.245,18.20711,12.37131],"rotation":{"angle":-22.5,"axis":"x","origin":[8,16.20711,8]},"faces":{"north":{"uv":[13.6,15.2,14,16],"texture":"#2"},"east":{"uv":[9.6,3.2,11.6,4],"texture":"#2"},"south":{"uv":[15.2,13.6,15.6,14.4],"texture":"#2"},"west":{"uv":[10.4,10.4,12.4,11.2],"texture":"#2"},"up":{"uv":[13.2,12.4,12.8,10.4],"texture":"#2"},"down":{"uv":[11.6,12.8,11.2,14.8],"texture":"#2"}}},{"from":[7.755,14.5,9.57843],"to":[8.245,16.5,10.57843],"rotation":{"angle":-22.5,"axis":"x","origin":[8,16.20711,8]},"faces":{"north":{"uv":[14.4,7.2,14.8,8.8],"texture":"#2"},"east":{"uv":[4,12.8,4.8,14.4],"texture":"#2"},"south":{"uv":[8,14.4,8.4,16],"texture":"#2"},"west":{"uv":[4.8,12.8,5.6,14.4],"texture":"#2"},"up":{"uv":[14.8,16,14.4,15.2],"texture":"#2"},"down":{"uv":[15.6,14.4,15.2,15.2],"texture":"#2"}}},{"from":[7,14.75,6],"to":[7,18.75,10],"rotation":{"angle":45,"axis":"x","origin":[7,16.75,8]},"faces":{"north":{"uv":[0,3.2,0,0],"rotation":180,"texture":"#1"},"south":{"uv":[0,0,0,3.2],"texture":"#1"},"west":{"uv":[0,0,16,16],"rotation":270,"texture":"#1"},"up":{"uv":[0,0,0,3.2],"texture":"#1"},"down":{"uv":[0,0,0,3.2],"rotation":180,"texture":"#1"}}},{"from":[9,14.75,6],"to":[9,18.75,10],"rotation":{"angle":45,"axis":"x","origin":[9,16.75,8]},"faces":{"north":{"uv":[0,3.2,0,0],"rotation":180,"texture":"#1"},"east":{"uv":[0,16,16,0],"rotation":270,"texture":"#1"},"south":{"uv":[0,0,0,3.2],"texture":"#1"},"up":{"uv":[0,0,0,3.2],"texture":"#1"},"down":{"uv":[0,0,0,3.2],"rotation":180,"texture":"#1"}}}],"gui_light":"front","display":{"thirdperson_righthand":{"translation":[0,1.75,1]},"thirdperson_lefthand":{"translation":[0,1.75,1]},"firstperson_righthand":{"rotation":[-10,0,0],"translation":[-0.5,2.5,1.25]},"firstperson_lefthand":{"rotation":[-10,0,0],"translation":[-0.5,2.5,1.25]},"ground":{"translation":[0,7.5,0]},"gui":{"rotation":[-90,45,90],"translation":[2,-2.75,0],"scale":[0.86914,0.86914,0.86914]},"head":{"scale":[0,0,0]},"fixed":{"rotation":[0,-90,0],"translation":[-0.25,-6,-1.5],"scale":[2.5,2.5,2.5]}}}