{"credit":"MadebyPolygonMC","texture_size":[4,4],"textures":{"0":"akiraset:wings","2":"akiraset:wings_animation","particle":"akiraset:wings"},"elements":[{"from":[6.5,6.5,7.25],"to":[9.5,9.5,8.75],"rotation":{"angle":-45,"axis":"z","origin":[8,8,8]},"faces":{"north":{"uv":[2.28571,8.57143,4,10.28571],"texture":"#0"},"east":{"uv":[3.42857,10.28571,5.14286,11.14286],"rotation":90,"texture":"#0"},"south":{"uv":[4,8.57143,5.71429,10.28571],"texture":"#0"},"west":{"uv":[3.42857,10.28571,5.14286,11.14286],"rotation":90,"texture":"#0"},"up":{"uv":[5.14286,11.14286,3.42857,10.28571],"texture":"#0"},"down":{"uv":[5.14286,10.28571,3.42857,11.14286],"texture":"#0"}}},{"from":[6.85,6.85,6.95],"to":[9.15,9.15,9.05],"rotation":{"angle":-45,"axis":"z","origin":[8,8,8]},"faces":{"north":{"uv":[9.14286,8.57143,10.42857,9.85714],"texture":"#0"},"east":{"uv":[5.14286,10.28571,6.28571,11.57143],"texture":"#0"},"south":{"uv":[9.14286,8.57143,10.42857,9.85714],"rotation":270,"texture":"#0"},"west":{"uv":[6.28571,10.28571,7.42857,11.57143],"texture":"#0"},"up":{"uv":[11.57143,5.71429,10.28571,4.57143],"texture":"#0"},"down":{"uv":[8.71429,10.28571,7.42857,11.42857],"texture":"#0"}}},{"from":[1.925,10.975,7.5],"to":[4.325,13.375,8.5],"rotation":{"angle":-22.5,"axis":"z","origin":[3.125,12.175,8]},"faces":{"north":{"uv":[5.71429,8.57143,7.14286,10],"texture":"#0"},"east":{"uv":[2.85714,12.57143,3.42857,14],"texture":"#0"},"south":{"uv":[5.71429,8.57143,7.14286,10],"texture":"#0"},"west":{"uv":[3.42857,12.57143,4,14],"texture":"#0"},"up":{"uv":[4.85714,12,3.42857,11.42857],"texture":"#0"},"down":{"uv":[5.42857,12.57143,4,13.14286],"texture":"#0"}}},{"from":[6.5,7.5,7.5],"to":[7.5,11.5,8.5],"rotation":{"angle":22.5,"axis":"z","origin":[7,9.5,8]},"faces":{"north":{"uv":[9.14286,10.28571,9.71429,12.57143],"texture":"#0"},"east":{"uv":[9.71429,10.28571,10.28571,12.57143],"texture":"#0"},"south":{"uv":[10.28571,10.28571,10.85714,12.57143],"texture":"#0"},"west":{"uv":[10.85714,8.57143,11.42857,10.85714],"texture":"#0"},"up":{"uv":[8,12,7.42857,11.42857],"texture":"#0"},"down":{"uv":[2.85714,13.14286,2.28571,13.71429],"texture":"#0"}}},{"from":[5.25,6.5,7.75],"to":[6.75,13,8.25],"rotation":{"angle":45,"axis":"z","origin":[5,9.5,7.75]},"faces":{"north":{"uv":[0,8.57143,0.85714,12.28571],"texture":"#0"},"east":{"uv":[8,11.42857,8.28571,15.14286],"texture":"#0"},"south":{"uv":[0.85714,8.57143,0,12.28571],"texture":"#0"},"west":{"uv":[8.57143,11.42857,8.85714,15.14286],"texture":"#0"},"up":{"uv":[1.42857,14,0.57143,13.71429],"texture":"#0"},"down":{"uv":[2.57143,13.71429,1.71429,14],"texture":"#0"}}},{"from":[2.65747,11.34253,7.505],"to":[6.65747,12.34253,8.495],"rotation":{"angle":-22.5,"axis":"z","origin":[4.65747,11.84253,8.005]},"faces":{"north":{"uv":[10.85714,10.85714,13.14286,11.42857],"texture":"#0"},"east":{"uv":[4,13.14286,4.57143,13.71429],"texture":"#0"},"south":{"uv":[11.42857,1.71429,13.71429,2.28571],"texture":"#0"},"west":{"uv":[4.57143,13.14286,5.14286,13.71429],"texture":"#0"},"up":{"uv":[13.71429,2.85714,11.42857,2.28571],"texture":"#0"},"down":{"uv":[13.71429,2.85714,11.42857,3.42857],"texture":"#0"}}},{"from":[1.925,2.625,7.5],"to":[4.325,5.025,8.5],"rotation":{"angle":22.5,"axis":"z","origin":[3.125,3.825,8]},"faces":{"north":{"uv":[5.71429,10,7.14286,8.57143],"texture":"#0"},"east":{"uv":[2.85714,14,3.42857,12.57143],"texture":"#0"},"south":{"uv":[5.71429,10,7.14286,8.57143],"texture":"#0"},"west":{"uv":[3.42857,14,4,12.57143],"texture":"#0"},"up":{"uv":[5.42857,13.14286,4,12.57143],"texture":"#0"},"down":{"uv":[4.85714,11.42857,3.42857,12],"texture":"#0"}}},{"from":[2.65747,3.65747,7.505],"to":[6.65747,4.65747,8.495],"rotation":{"angle":22.5,"axis":"z","origin":[4.65747,4.15747,8.005]},"faces":{"north":{"uv":[10.85714,11.42857,13.14286,10.85714],"texture":"#0"},"east":{"uv":[4,13.71429,4.57143,13.14286],"texture":"#0"},"south":{"uv":[11.42857,2.28571,13.71429,1.71429],"texture":"#0"},"west":{"uv":[4.57143,13.71429,5.14286,13.14286],"texture":"#0"},"up":{"uv":[13.71429,3.42857,11.42857,2.85714],"texture":"#0"},"down":{"uv":[13.71429,2.28571,11.42857,2.85714],"texture":"#0"}}},{"from":[6.5,4.5,7.5],"to":[7.5,8.5,8.5],"rotation":{"angle":-22.5,"axis":"z","origin":[7,6.5,8]},"faces":{"north":{"uv":[9.14286,12.57143,9.71429,10.28571],"texture":"#0"},"east":{"uv":[9.71429,12.57143,10.28571,10.28571],"texture":"#0"},"south":{"uv":[10.28571,12.57143,10.85714,10.28571],"texture":"#0"},"west":{"uv":[10.85714,10.85714,11.42857,8.57143],"texture":"#0"},"up":{"uv":[2.85714,13.71429,2.28571,13.14286],"texture":"#0"},"down":{"uv":[8,11.42857,7.42857,12],"texture":"#0"}}},{"from":[5.25,3,7.75],"to":[6.75,9.5,8.25],"rotation":{"angle":-45,"axis":"z","origin":[5,6.5,7.75]},"faces":{"north":{"uv":[0,12.28571,0.85714,8.57143],"texture":"#0"},"east":{"uv":[8,15.14286,8.28571,11.42857],"texture":"#0"},"south":{"uv":[0.85714,12.28571,0,8.57143],"texture":"#0"},"west":{"uv":[8.57143,15.14286,8.85714,11.42857],"texture":"#0"},"up":{"uv":[2.57143,14,1.71429,13.71429],"texture":"#0"},"down":{"uv":[1.42857,13.71429,0.57143,14],"texture":"#0"}}},{"from":[0.14,5.54,7.59],"to":[5.06,6.36,8.41],"rotation":{"angle":-45,"axis":"z","origin":[2.6,8,8]},"faces":{"north":{"uv":[10.85714,11.42857,13.71429,11.85714],"texture":"#0"},"east":{"uv":[13.71429,1.71429,14.14286,2.14286],"texture":"#0"},"south":{"uv":[13.71429,11.42857,10.85714,11.85714],"texture":"#0"},"west":{"uv":[13.71429,2.28571,14.14286,2.71429],"texture":"#0"},"up":{"uv":[14.85714,1,12,0.57143],"texture":"#0"},"down":{"uv":[14.85714,1.14286,12,1.57143],"texture":"#0"}}},{"from":[0.14,9.64,7.59],"to":[5.06,10.46,8.41],"rotation":{"angle":-45,"axis":"z","origin":[2.6,8,8]},"faces":{"north":{"uv":[2.28571,12,5.14286,12.42857],"texture":"#0"},"east":{"uv":[13.71429,2.85714,14.14286,3.28571],"texture":"#0"},"south":{"uv":[5.14286,12,2.28571,12.42857],"texture":"#0"},"west":{"uv":[4,13.71429,4.42857,14.14286],"texture":"#0"},"up":{"uv":[14.85714,4.42857,12,4],"texture":"#0"},"down":{"uv":[14.85714,4.57143,12,5],"texture":"#0"}}},{"from":[4.31854,6.35646,7.59],"to":[5.05854,9.63646,8.41],"rotation":{"angle":-45,"axis":"z","origin":[2.60354,7.99646,8]},"faces":{"north":{"uv":[5.71429,12.57143,6.14286,14.42857],"texture":"#0"},"east":{"uv":[6.28571,12.57143,6.71429,14.42857],"texture":"#0"},"south":{"uv":[5.71429,12.57143,6.14286,14.42857],"texture":"#0"},"west":{"uv":[7.42857,12.57143,7.85714,14.42857],"texture":"#0"},"up":{"uv":[5,14.14286,4.57143,13.71429],"texture":"#0"},"down":{"uv":[5.57143,13.71429,5.14286,14.14286],"texture":"#0"}}},{"from":[0.14,6.36,7.59],"to":[0.877,9.64,8.41],"rotation":{"angle":-45,"axis":"z","origin":[2.6,8,8]},"faces":{"north":{"uv":[9.14286,12.57143,9.57143,14.42857],"texture":"#0"},"east":{"uv":[9.71429,12.57143,10.14286,14.42857],"texture":"#0"},"south":{"uv":[9.14286,12.57143,9.57143,14.42857],"texture":"#0"},"west":{"uv":[10.85714,12.57143,11.28571,14.42857],"texture":"#0"},"up":{"uv":[14.14286,9,13.71429,8.57143],"texture":"#0"},"down":{"uv":[14.14286,9.14286,13.71429,9.57143],"texture":"#0"}}},{"from":[-1.75488,13.58436,7.5],"to":[2.24512,14.58436,8.5],"rotation":{"angle":-22.5,"axis":"z","origin":[0.24512,13.58436,7.5]},"faces":{"north":{"uv":[11.42857,8.57143,13.71429,9.14286],"texture":"#0"},"east":{"uv":[5.14286,13.14286,5.71429,13.71429],"texture":"#0"},"south":{"uv":[13.71429,9.14286,11.42857,8.57143],"texture":"#0"},"west":{"uv":[0,13.71429,0.57143,14.28571],"texture":"#0"},"up":{"uv":[13.71429,8.57143,11.42857,9.14286],"texture":"#0"},"down":{"uv":[13.71429,8.57143,11.42857,9.14286],"texture":"#0"}}},{"from":[-14.65488,9.08436,7.9],"to":[3.34512,14.08436,7.9],"rotation":{"angle":-22.5,"axis":"z","origin":[0.24512,13.58436,8]},"faces":{"north":{"uv":[0,0,10.28571,2.85714],"texture":"#0"},"east":{"uv":[0,0,0,2.85714],"texture":"#0"},"south":{"uv":[10.28571,0,0,2.85714],"texture":"#0"},"west":{"uv":[0,0,0,2.85714],"texture":"#0"},"up":{"uv":[10.28571,0,0,0],"texture":"#0"},"down":{"uv":[10.28571,0,0,0],"texture":"#0"}}},{"from":[-6.45605,14.14231,7.64],"to":[-1.57605,14.86231,8.36],"rotation":{"angle":-22.5,"axis":"z","origin":[-0.73605,14.14231,7.64]},"faces":{"north":{"uv":[5.14286,12,8,12.42857],"texture":"#0"},"east":{"uv":[13.71429,9.71429,14.14286,10.14286],"texture":"#0"},"south":{"uv":[12,5.14286,14.85714,5.57143],"texture":"#0"},"west":{"uv":[13.71429,10.28571,14.14286,10.71429],"texture":"#0"},"up":{"uv":[13.71429,12.42857,10.85714,12],"texture":"#0"},"down":{"uv":[2.85714,12.57143,0,13],"texture":"#0"}}},{"from":[-9.88916,14.77541,7.7336],"to":[-6.27796,15.30821,8.2664],"rotation":{"angle":-22.5,"axis":"z","origin":[-1.95636,14.85041,7.7336]},"faces":{"north":{"uv":[11.42857,12.57143,13.42857,12.85714],"texture":"#0"},"east":{"uv":[11.42857,13.71429,11.71429,14],"texture":"#0"},"south":{"uv":[13.42857,12.85714,11.42857,12.57143],"texture":"#0"},"west":{"uv":[13.71429,11.42857,14,11.71429],"texture":"#0"},"up":{"uv":[13.42857,12.57143,11.42857,12.85714],"texture":"#0"},"down":{"uv":[13.42857,12.57143,11.42857,12.85714],"texture":"#0"}}},{"from":[-3.13926,8.75382,7.5],"to":[0.86074,9.75382,8.5],"rotation":{"angle":0,"axis":"z","origin":[-5.53706,9.26312,8]},"faces":{"north":{"uv":[11.42857,8.57143,13.71429,9.14286],"texture":"#0"},"east":{"uv":[5.14286,13.14286,5.71429,13.71429],"texture":"#0"},"south":{"uv":[13.71429,9.14286,11.42857,8.57143],"texture":"#0"},"west":{"uv":[0,13.71429,0.57143,14.28571],"texture":"#0"},"up":{"uv":[13.71429,8.57143,11.42857,9.14286],"texture":"#0"},"down":{"uv":[13.71429,8.57143,11.42857,9.14286],"texture":"#0"}}},{"from":[-7.97926,8.89382,7.64],"to":[-3.09926,9.61382,8.36],"rotation":{"angle":0,"axis":"z","origin":[-5.53706,9.26312,8]},"faces":{"north":{"uv":[5.14286,12,8,12.42857],"texture":"#0"},"east":{"uv":[13.71429,9.71429,14.14286,10.14286],"texture":"#0"},"south":{"uv":[12,5.14286,14.85714,5.57143],"texture":"#0"},"west":{"uv":[13.71429,10.28571,14.14286,10.71429],"texture":"#0"},"up":{"uv":[13.71429,12.42857,10.85714,12],"texture":"#0"},"down":{"uv":[2.85714,12.57143,0,13],"texture":"#0"}}},{"from":[-1.93183,1.90523,7.5],"to":[2.06817,2.90523,8.5],"rotation":{"angle":22.5,"axis":"z","origin":[-2.13183,2.40523,8]},"faces":{"north":{"uv":[11.42857,8.57143,13.71429,9.14286],"texture":"#0"},"east":{"uv":[5.14286,13.14286,5.71429,13.71429],"texture":"#0"},"south":{"uv":[13.71429,9.14286,11.42857,8.57143],"texture":"#0"},"west":{"uv":[0,13.71429,0.57143,14.28571],"texture":"#0"},"up":{"uv":[13.71429,8.57143,11.42857,9.14286],"texture":"#0"},"down":{"uv":[13.71429,8.57143,11.42857,9.14286],"texture":"#0"}}},{"from":[-6.77183,2.04523,7.64],"to":[-1.89183,2.76523,8.36],"rotation":{"angle":22.5,"axis":"z","origin":[-2.13183,2.40523,8]},"faces":{"north":{"uv":[5.14286,12,8,12.42857],"texture":"#0"},"east":{"uv":[13.71429,9.71429,14.14286,10.14286],"texture":"#0"},"south":{"uv":[12,5.14286,14.85714,5.57143],"texture":"#0"},"west":{"uv":[13.71429,10.28571,14.14286,10.71429],"texture":"#0"},"up":{"uv":[13.71429,12.42857,10.85714,12],"texture":"#0"},"down":{"uv":[2.85714,12.57143,0,13],"texture":"#0"}}},{"from":[-11.59046,9.00602,7.7336],"to":[-7.97926,9.53882,8.2664],"rotation":{"angle":0,"axis":"z","origin":[-5.53706,9.26312,8]},"faces":{"north":{"uv":[11.42857,12.57143,13.42857,12.85714],"texture":"#0"},"east":{"uv":[11.42857,13.71429,11.71429,14],"texture":"#0"},"south":{"uv":[13.42857,12.85714,11.42857,12.57143],"texture":"#0"},"west":{"uv":[13.71429,11.42857,14,11.71429],"texture":"#0"},"up":{"uv":[13.42857,12.57143,11.42857,12.85714],"texture":"#0"},"down":{"uv":[13.42857,12.57143,11.42857,12.85714],"texture":"#0"}}},{"from":[-15.96426,4.25382,7.8],"to":[2.03574,9.25382,7.8],"rotation":{"angle":0,"axis":"z","origin":[-5.08446,12.00684,8]},"faces":{"north":{"uv":[0,2.85714,10.28571,5.71429],"texture":"#0"},"east":{"uv":[0,0,0,2.85714],"texture":"#0"},"south":{"uv":[10.28571,2.85714,0,5.71429],"texture":"#0"},"west":{"uv":[0,0,0,2.85714],"texture":"#0"},"up":{"uv":[10.28571,0,0,0],"texture":"#0"},"down":{"uv":[10.28571,0,0,0],"texture":"#0"}}},{"from":[-9.88926,-4.49618,8],"to":[4.11074,0.50382,8],"rotation":{"angle":22.5,"axis":"z","origin":[-6.96426,-1.24618,8]},"faces":{"north":{"uv":[0,5.71429,8,8.57143],"texture":"#0"},"east":{"uv":[0,0,0,2.85714],"texture":"#0"},"south":{"uv":[8,5.71429,0,8.57143],"texture":"#0"},"west":{"uv":[0,0,0,2.85714],"texture":"#0"},"up":{"uv":[8,0,0,0],"texture":"#0"},"down":{"uv":[8,0,0,0],"texture":"#0"}}},{"from":[-0.96426,8.25382,5.05],"to":[-0.96426,13.25382,17.05],"rotation":{"angle":-45,"axis":"y","origin":[-0.96426,11.50382,17.05]},"faces":{"north":{"uv":[0,0,0,2.85714],"texture":"#0"},"east":{"uv":[16,5.71429,9.14286,8.57143],"texture":"#0"},"south":{"uv":[0,0,0,2.85714],"texture":"#0"},"west":{"uv":[9.14286,5.71429,16,8.57143],"texture":"#0"},"up":{"uv":[0,6.85714,0,0],"texture":"#0"},"down":{"uv":[0,0,0,6.85714],"texture":"#0"}}},{"from":[-0.96426,2.74618,5.05],"to":[-0.96426,7.74618,17.05],"rotation":{"angle":-45,"axis":"y","origin":[-0.96426,4.49618,17.05]},"faces":{"north":{"uv":[0,2.85714,0,0],"texture":"#0"},"east":{"uv":[16,8.57143,9.14286,5.71429],"texture":"#0"},"south":{"uv":[0,2.85714,0,0],"texture":"#0"},"west":{"uv":[9.14286,8.57143,16,5.71429],"texture":"#0"},"up":{"uv":[0,6.85714,0,0],"texture":"#0"},"down":{"uv":[0,0,0,6.85714],"texture":"#0"}}},{"from":[8.5,7.5,7.5],"to":[9.5,11.5,8.5],"rotation":{"angle":-22.5,"axis":"z","origin":[9,9.5,8]},"faces":{"north":{"uv":[9.71429,10.28571,9.14286,12.57143],"texture":"#0"},"east":{"uv":[11.42857,8.57143,10.85714,10.85714],"texture":"#0"},"south":{"uv":[10.85714,10.28571,10.28571,12.57143],"texture":"#0"},"west":{"uv":[10.28571,10.28571,9.71429,12.57143],"texture":"#0"},"up":{"uv":[7.42857,12,8,11.42857],"texture":"#0"},"down":{"uv":[2.28571,13.14286,2.85714,13.71429],"texture":"#0"}}},{"from":[9.34253,11.34253,7.505],"to":[13.34253,12.34253,8.495],"rotation":{"angle":22.5,"axis":"z","origin":[11.34253,11.84253,8.005]},"faces":{"north":{"uv":[13.14286,10.85714,10.85714,11.42857],"texture":"#0"},"east":{"uv":[5.14286,13.14286,4.57143,13.71429],"texture":"#0"},"south":{"uv":[13.71429,1.71429,11.42857,2.28571],"texture":"#0"},"west":{"uv":[4.57143,13.14286,4,13.71429],"texture":"#0"},"up":{"uv":[11.42857,2.85714,13.71429,2.28571],"texture":"#0"},"down":{"uv":[11.42857,2.85714,13.71429,3.42857],"texture":"#0"}}},{"from":[9.25,6.5,7.75],"to":[10.75,13,8.25],"rotation":{"angle":-45,"axis":"z","origin":[11,9.5,7.75]},"faces":{"north":{"uv":[0.85714,8.57143,0,12.28571],"texture":"#0"},"east":{"uv":[8.85714,11.42857,8.57143,15.14286],"texture":"#0"},"south":{"uv":[0,8.57143,0.85714,12.28571],"texture":"#0"},"west":{"uv":[8.28571,11.42857,8,15.14286],"texture":"#0"},"up":{"uv":[0.57143,14,1.42857,13.71429],"texture":"#0"},"down":{"uv":[1.71429,13.71429,2.57143,14],"texture":"#0"}}},{"from":[11.675,10.975,7.5],"to":[14.075,13.375,8.5],"rotation":{"angle":22.5,"axis":"z","origin":[12.875,12.175,8]},"faces":{"north":{"uv":[7.14286,8.57143,5.71429,10],"texture":"#0"},"east":{"uv":[4,12.57143,3.42857,14],"texture":"#0"},"south":{"uv":[7.14286,8.57143,5.71429,10],"texture":"#0"},"west":{"uv":[3.42857,12.57143,2.85714,14],"texture":"#0"},"up":{"uv":[3.42857,12,4.85714,11.42857],"texture":"#0"},"down":{"uv":[4,12.57143,5.42857,13.14286],"texture":"#0"}}},{"from":[10.94,5.54,7.59],"to":[15.86,6.36,8.41],"rotation":{"angle":45,"axis":"z","origin":[13.4,8,8]},"faces":{"north":{"uv":[13.71429,11.42857,10.85714,11.85714],"texture":"#0"},"east":{"uv":[14.14286,2.28571,13.71429,2.71429],"texture":"#0"},"south":{"uv":[10.85714,11.42857,13.71429,11.85714],"texture":"#0"},"west":{"uv":[14.14286,1.71429,13.71429,2.14286],"texture":"#0"},"up":{"uv":[12,1,14.85714,0.57143],"texture":"#0"},"down":{"uv":[12,1.14286,14.85714,1.57143],"texture":"#0"}}},{"from":[10.94,9.64,7.59],"to":[15.86,10.46,8.41],"rotation":{"angle":45,"axis":"z","origin":[13.4,8,8]},"faces":{"north":{"uv":[5.14286,12,2.28571,12.42857],"texture":"#0"},"east":{"uv":[4.42857,13.71429,4,14.14286],"texture":"#0"},"south":{"uv":[2.28571,12,5.14286,12.42857],"texture":"#0"},"west":{"uv":[14.14286,2.85714,13.71429,3.28571],"texture":"#0"},"up":{"uv":[12,4.42857,14.85714,4],"texture":"#0"},"down":{"uv":[12,4.57143,14.85714,5],"texture":"#0"}}},{"from":[10.94146,6.35646,7.59],"to":[11.68146,9.63646,8.41],"rotation":{"angle":45,"axis":"z","origin":[13.39646,7.99646,8]},"faces":{"north":{"uv":[6.14286,12.57143,5.71429,14.42857],"texture":"#0"},"east":{"uv":[7.85714,12.57143,7.42857,14.42857],"texture":"#0"},"south":{"uv":[6.14286,12.57143,5.71429,14.42857],"texture":"#0"},"west":{"uv":[6.71429,12.57143,6.28571,14.42857],"texture":"#0"},"up":{"uv":[4.57143,14.14286,5,13.71429],"texture":"#0"},"down":{"uv":[5.14286,13.71429,5.57143,14.14286],"texture":"#0"}}},{"from":[15.123,6.36,7.59],"to":[15.86,9.64,8.41],"rotation":{"angle":45,"axis":"z","origin":[13.4,8,8]},"faces":{"north":{"uv":[9.57143,12.57143,9.14286,14.42857],"texture":"#0"},"east":{"uv":[11.28571,12.57143,10.85714,14.42857],"texture":"#0"},"south":{"uv":[9.57143,12.57143,9.14286,14.42857],"texture":"#0"},"west":{"uv":[10.14286,12.57143,9.71429,14.42857],"texture":"#0"},"up":{"uv":[13.71429,9,14.14286,8.57143],"texture":"#0"},"down":{"uv":[13.71429,9.14286,14.14286,9.57143],"texture":"#0"}}},{"from":[13.75488,13.58436,7.5],"to":[17.75488,14.58436,8.5],"rotation":{"angle":22.5,"axis":"z","origin":[15.75488,13.58436,7.5]},"faces":{"north":{"uv":[13.71429,8.57143,11.42857,9.14286],"texture":"#0"},"east":{"uv":[0.57143,13.71429,0,14.28571],"texture":"#0"},"south":{"uv":[11.42857,9.14286,13.71429,8.57143],"texture":"#0"},"west":{"uv":[5.71429,13.14286,5.14286,13.71429],"texture":"#0"},"up":{"uv":[11.42857,8.57143,13.71429,9.14286],"texture":"#0"},"down":{"uv":[11.42857,8.57143,13.71429,9.14286],"texture":"#0"}}},{"from":[17.57605,14.14231,7.64],"to":[22.45605,14.86231,8.36],"rotation":{"angle":22.5,"axis":"z","origin":[16.73605,14.14231,7.64]},"faces":{"north":{"uv":[8,12,5.14286,12.42857],"texture":"#0"},"east":{"uv":[14.14286,10.28571,13.71429,10.71429],"texture":"#0"},"south":{"uv":[14.85714,5.14286,12,5.57143],"texture":"#0"},"west":{"uv":[14.14286,9.71429,13.71429,10.14286],"texture":"#0"},"up":{"uv":[10.85714,12.42857,13.71429,12],"texture":"#0"},"down":{"uv":[0,12.57143,2.85714,13],"texture":"#0"}}},{"from":[22.27796,14.77541,7.7336],"to":[25.88916,15.30821,8.2664],"rotation":{"angle":22.5,"axis":"z","origin":[17.95636,14.85041,7.7336]},"faces":{"north":{"uv":[13.42857,12.57143,11.42857,12.85714],"texture":"#0"},"east":{"uv":[14,11.42857,13.71429,11.71429],"texture":"#0"},"south":{"uv":[11.42857,12.85714,13.42857,12.57143],"texture":"#0"},"west":{"uv":[11.71429,13.71429,11.42857,14],"texture":"#0"},"up":{"uv":[11.42857,12.57143,13.42857,12.85714],"texture":"#0"},"down":{"uv":[11.42857,12.57143,13.42857,12.85714],"texture":"#0"}}},{"from":[12.65488,9.08436,7.9],"to":[30.65488,14.08436,7.9],"rotation":{"angle":22.5,"axis":"z","origin":[15.75488,13.58436,8]},"faces":{"north":{"uv":[10.28571,0,0,2.85714],"texture":"#0"},"east":{"uv":[0,0,0,2.85714],"texture":"#0"},"south":{"uv":[0,0,10.28571,2.85714],"texture":"#0"},"west":{"uv":[0,0,0,2.85714],"texture":"#0"},"up":{"uv":[0,0,10.28571,0],"texture":"#0"},"down":{"uv":[0,0,10.28571,0],"texture":"#0"}}},{"from":[13.96426,4.25382,7.8],"to":[31.96426,9.25382,7.8],"rotation":{"angle":0,"axis":"z","origin":[21.08446,12.00684,8]},"faces":{"north":{"uv":[10.28571,2.85714,0,5.71429],"texture":"#0"},"east":{"uv":[0,0,0,2.85714],"texture":"#0"},"south":{"uv":[0,2.85714,10.28571,5.71429],"texture":"#0"},"west":{"uv":[0,0,0,2.85714],"texture":"#0"},"up":{"uv":[0,0,10.28571,0],"texture":"#0"},"down":{"uv":[0,0,10.28571,0],"texture":"#0"}}},{"from":[11.88926,-4.49618,8],"to":[25.88926,0.50382,8],"rotation":{"angle":-22.5,"axis":"z","origin":[22.96426,-1.24618,8]},"faces":{"north":{"uv":[8,5.71429,0,8.57143],"texture":"#0"},"east":{"uv":[0,0,0,2.85714],"texture":"#0"},"south":{"uv":[0,5.71429,8,8.57143],"texture":"#0"},"west":{"uv":[0,0,0,2.85714],"texture":"#0"},"up":{"uv":[0,0,8,0],"texture":"#0"},"down":{"uv":[0,0,8,0],"texture":"#0"}}},{"from":[16.96426,8.25382,5.05],"to":[16.96426,13.25382,17.05],"rotation":{"angle":45,"axis":"y","origin":[16.96426,11.50382,17.05]},"faces":{"north":{"uv":[0,0,0,2.85714],"texture":"#0"},"east":{"uv":[16,5.71429,9.14286,8.57143],"texture":"#0"},"south":{"uv":[0,0,0,2.85714],"texture":"#0"},"west":{"uv":[9.14286,5.71429,16,8.57143],"texture":"#0"},"up":{"uv":[0,6.85714,0,0],"texture":"#0"},"down":{"uv":[0,0,0,6.85714],"texture":"#0"}}},{"from":[23.97926,9.00602,7.7336],"to":[27.59046,9.53882,8.2664],"rotation":{"angle":0,"axis":"z","origin":[21.53706,9.26312,8]},"faces":{"north":{"uv":[13.42857,12.57143,11.42857,12.85714],"texture":"#0"},"east":{"uv":[14,11.42857,13.71429,11.71429],"texture":"#0"},"south":{"uv":[11.42857,12.85714,13.42857,12.57143],"texture":"#0"},"west":{"uv":[11.71429,13.71429,11.42857,14],"texture":"#0"},"up":{"uv":[11.42857,12.57143,13.42857,12.85714],"texture":"#0"},"down":{"uv":[11.42857,12.57143,13.42857,12.85714],"texture":"#0"}}},{"from":[19.09926,8.89382,7.64],"to":[23.97926,9.61382,8.36],"rotation":{"angle":0,"axis":"z","origin":[21.53706,9.26312,8]},"faces":{"north":{"uv":[8,12,5.14286,12.42857],"texture":"#0"},"east":{"uv":[14.14286,10.28571,13.71429,10.71429],"texture":"#0"},"south":{"uv":[14.85714,5.14286,12,5.57143],"texture":"#0"},"west":{"uv":[14.14286,9.71429,13.71429,10.14286],"texture":"#0"},"up":{"uv":[10.85714,12.42857,13.71429,12],"texture":"#0"},"down":{"uv":[0,12.57143,2.85714,13],"texture":"#0"}}},{"from":[15.13926,8.75382,7.5],"to":[19.13926,9.75382,8.5],"rotation":{"angle":0,"axis":"z","origin":[21.53706,9.26312,8]},"faces":{"north":{"uv":[13.71429,8.57143,11.42857,9.14286],"texture":"#0"},"east":{"uv":[0.57143,13.71429,0,14.28571],"texture":"#0"},"south":{"uv":[11.42857,9.14286,13.71429,8.57143],"texture":"#0"},"west":{"uv":[5.71429,13.14286,5.14286,13.71429],"texture":"#0"},"up":{"uv":[11.42857,8.57143,13.71429,9.14286],"texture":"#0"},"down":{"uv":[11.42857,8.57143,13.71429,9.14286],"texture":"#0"}}},{"from":[17.89183,2.04523,7.64],"to":[22.77183,2.76523,8.36],"rotation":{"angle":-22.5,"axis":"z","origin":[18.13183,2.40523,8]},"faces":{"north":{"uv":[8,12,5.14286,12.42857],"texture":"#0"},"east":{"uv":[14.14286,10.28571,13.71429,10.71429],"texture":"#0"},"south":{"uv":[14.85714,5.14286,12,5.57143],"texture":"#0"},"west":{"uv":[14.14286,9.71429,13.71429,10.14286],"texture":"#0"},"up":{"uv":[10.85714,12.42857,13.71429,12],"texture":"#0"},"down":{"uv":[0,12.57143,2.85714,13],"texture":"#0"}}},{"from":[13.93183,1.90523,7.5],"to":[17.93183,2.90523,8.5],"rotation":{"angle":-22.5,"axis":"z","origin":[18.13183,2.40523,8]},"faces":{"north":{"uv":[13.71429,8.57143,11.42857,9.14286],"texture":"#0"},"east":{"uv":[0.57143,13.71429,0,14.28571],"texture":"#0"},"south":{"uv":[11.42857,9.14286,13.71429,8.57143],"texture":"#0"},"west":{"uv":[5.71429,13.14286,5.14286,13.71429],"texture":"#0"},"up":{"uv":[11.42857,8.57143,13.71429,9.14286],"texture":"#0"},"down":{"uv":[11.42857,8.57143,13.71429,9.14286],"texture":"#0"}}},{"from":[9.25,3,7.75],"to":[10.75,9.5,8.25],"rotation":{"angle":45,"axis":"z","origin":[11,6.5,7.75]},"faces":{"north":{"uv":[0.85714,12.28571,0,8.57143],"texture":"#0"},"east":{"uv":[8.85714,15.14286,8.57143,11.42857],"texture":"#0"},"south":{"uv":[0,12.28571,0.85714,8.57143],"texture":"#0"},"west":{"uv":[8.28571,15.14286,8,11.42857],"texture":"#0"},"up":{"uv":[1.71429,14,2.57143,13.71429],"texture":"#0"},"down":{"uv":[0.57143,13.71429,1.42857,14],"texture":"#0"}}},{"from":[8.5,4.5,7.5],"to":[9.5,8.5,8.5],"rotation":{"angle":22.5,"axis":"z","origin":[9,6.5,8]},"faces":{"north":{"uv":[9.71429,12.57143,9.14286,10.28571],"texture":"#0"},"east":{"uv":[11.42857,10.85714,10.85714,8.57143],"texture":"#0"},"south":{"uv":[10.85714,12.57143,10.28571,10.28571],"texture":"#0"},"west":{"uv":[10.28571,12.57143,9.71429,10.28571],"texture":"#0"},"up":{"uv":[2.28571,13.71429,2.85714,13.14286],"texture":"#0"},"down":{"uv":[7.42857,11.42857,8,12],"texture":"#0"}}},{"from":[9.34253,3.65747,7.505],"to":[13.34253,4.65747,8.495],"rotation":{"angle":-22.5,"axis":"z","origin":[11.34253,4.15747,8.005]},"faces":{"north":{"uv":[13.14286,11.42857,10.85714,10.85714],"texture":"#0"},"east":{"uv":[5.14286,13.71429,4.57143,13.14286],"texture":"#0"},"south":{"uv":[13.71429,2.28571,11.42857,1.71429],"texture":"#0"},"west":{"uv":[4.57143,13.71429,4,13.14286],"texture":"#0"},"up":{"uv":[11.42857,3.42857,13.71429,2.85714],"texture":"#0"},"down":{"uv":[11.42857,2.28571,13.71429,2.85714],"texture":"#0"}}},{"from":[11.675,2.625,7.5],"to":[14.075,5.025,8.5],"rotation":{"angle":-22.5,"axis":"z","origin":[12.875,3.825,8]},"faces":{"north":{"uv":[7.14286,10,5.71429,8.57143],"texture":"#0"},"east":{"uv":[4,14,3.42857,12.57143],"texture":"#0"},"south":{"uv":[7.14286,10,5.71429,8.57143],"texture":"#0"},"west":{"uv":[3.42857,14,2.85714,12.57143],"texture":"#0"},"up":{"uv":[4,13.14286,5.42857,12.57143],"texture":"#0"},"down":{"uv":[3.42857,11.42857,4.85714,12],"texture":"#0"}}},{"from":[16.96426,2.74618,5.05],"to":[16.96426,7.74618,17.05],"rotation":{"angle":45,"axis":"y","origin":[16.96426,4.49618,17.05]},"faces":{"north":{"uv":[0,2.85714,0,0],"texture":"#0"},"east":{"uv":[16,8.57143,9.14286,5.71429],"texture":"#0"},"south":{"uv":[0,2.85714,0,0],"texture":"#0"},"west":{"uv":[9.14286,8.57143,16,5.71429],"texture":"#0"},"up":{"uv":[0,6.85714,0,0],"texture":"#0"},"down":{"uv":[0,0,0,6.85714],"texture":"#0"}}},{"from":[0.8,6.2,8],"to":[4.4,9.8,8],"rotation":{"angle":-45,"axis":"z","origin":[2.575,8,8]},"faces":{"north":{"uv":[0,0,14,14],"texture":"#2"},"east":{"uv":[0,0,0,14],"texture":"#2"},"south":{"uv":[14,0,0,14],"texture":"#2"},"west":{"uv":[0,0,0,14],"texture":"#2"},"up":{"uv":[14,0,0,0],"texture":"#2"},"down":{"uv":[14,0,0,0],"texture":"#2"}}},{"from":[11.6,6.2,8],"to":[15.2,9.8,8],"rotation":{"angle":45,"axis":"z","origin":[13.425,8,8]},"faces":{"north":{"uv":[14,0,0,14],"texture":"#2"},"east":{"uv":[0,0,0,14],"texture":"#2"},"south":{"uv":[0,0,14,14],"texture":"#2"},"west":{"uv":[0,0,0,14],"texture":"#2"},"up":{"uv":[0,0,14,0],"texture":"#2"},"down":{"uv":[0,0,14,0],"texture":"#2"}}}],"gui_light":"front","display":{"thirdperson_righthand":{"rotation":[-133.75,0,-180],"scale":[0.58789,0.58789,0.58789]},"thirdperson_lefthand":{"rotation":[68.25,0,0],"translation":[-5.5,-7.25,8.75],"scale":[1.14648,1.14648,1.14648]},"firstperson_righthand":{"rotation":[0,180,0],"translation":[0,0.5,-1],"scale":[0.80469,0.80469,0.80469]},"firstperson_lefthand":{"scale":[0,0,0]},"ground":{"rotation":[-33,0,0],"translation":[0,9.75,0],"scale":[0.98633,0.98633,0.98633]},"gui":{"rotation":[0,180,0],"translation":[0,0.25,0],"scale":[0.37305,0.37305,0.37305]},"head":{"translation":[0,-14,7.5],"scale":[2.08203,2.08203,2.08203]},"fixed":{"rotation":[0,180,0],"translation":[0,0.75,-1.75],"scale":[1.30273,1.30273,1.30273]}}}