{"parent":"item/handheld_rod","textures":{"layer0":"item/fishing_rod"},"overrides":[{"predicate":{"cast":1},"model":"item/fishing_rod_cast"},{"predicate":{"custom_model_data":10000},"model":"valerieset:fishing_rod"},{"predicate":{"cast":1,"custom_model_data":10000},"model":"valerieset:fishing_rod_cast"},{"predicate":{"custom_model_data":10001},"model":"mysticcyanset:fishing_rod"},{"predicate":{"cast":1,"custom_model_data":10001},"model":"mysticcyanset:fishing_rod_cast"},{"predicate":{"custom_model_data":10002},"model":"akiraset:fishing_rod"},{"predicate":{"cast":1,"custom_model_data":10002},"model":"akiraset:fishing_rod_cast"},{"predicate":{"custom_model_data":10003},"model":"evergreenset:fishing_rod"},{"predicate":{"cast":1,"custom_model_data":10003},"model":"evergreenset:fishing_rod_cast"},{"predicate":{"custom_model_data":10004},"model":"item/fishing_rod"}]}