{"parent":"minecraft:item/handheld","textures":{"layer0":"minecraft:item/iron_sword"},"overrides":[{"predicate":{"custom_model_data":10000},"model":"valerieset:hammer"},{"predicate":{"custom_model_data":10001},"model":"valerieset:spear"},{"predicate":{"custom_model_data":10002},"model":"valerieset:sword"},{"predicate":{"custom_model_data":10003},"model":"valerieset:scythe"},{"predicate":{"custom_model_data":10004},"model":"valerieset:staff"},{"predicate":{"custom_model_data":10005},"model":"valerieset:greatsword"},{"predicate":{"custom_model_data":10006},"model":"valerieset:trident"},{"predicate":{"custom_model_data":10007},"model":"mysticcyanset:greatsword"},{"predicate":{"custom_model_data":10008},"model":"mysticcyanset:hammer"},{"predicate":{"custom_model_data":10009},"model":"mysticcyanset:scythe"},{"predicate":{"custom_model_data":10010},"model":"mysticcyanset:spear"},{"predicate":{"custom_model_data":10011},"model":"mysticcyanset:staff"},{"predicate":{"custom_model_data":10012},"model":"mysticcyanset:sword"},{"predicate":{"custom_model_data":10013},"model":"mysticcyanset:trident"},{"predicate":{"custom_model_data":10014},"model":"akiraset:scythe"},{"predicate":{"custom_model_data":10015},"model":"akiraset:spear"},{"predicate":{"custom_model_data":10016},"model":"akiraset:staff"},{"predicate":{"custom_model_data":10017},"model":"akiraset:sword"},{"predicate":{"custom_model_data":10018},"model":"akiraset:greatsword"},{"predicate":{"custom_model_data":10019},"model":"evergreenset:hammer"},{"predicate":{"custom_model_data":10020},"model":"evergreenset:spear"},{"predicate":{"custom_model_data":10021},"model":"evergreenset:sword"},{"predicate":{"custom_model_data":10022},"model":"evergreenset:scythe"},{"predicate":{"custom_model_data":10023},"model":"evergreenset:staff"},{"predicate":{"custom_model_data":10024},"model":"evergreenset:greatsword"},{"predicate":{"custom_model_data":10025},"model":"evergreenset:trident"},{"predicate":{"custom_model_data":10026},"model":"item/iron_sword"}]}