{"parent":"item/generated","textures":{"layer0":"item/leather_chestplate","layer1":"item/leather_chestplate_overlay"},"overrides":[{"predicate":{"custom_model_data":10000},"model":"mysticcyanset:ia_auto_gen/mysticcyanchestplate"},{"predicate":{"custom_model_data":10001},"model":"akiraset:ia_auto_gen/akirachestplate"},{"predicate":{"custom_model_data":10002},"model":"valerieset:ia_auto_gen/valeriechestplate"},{"predicate":{"custom_model_data":10003},"model":"evergreenset:ia_auto_gen/evergreenchestplate"},{"predicate":{"custom_model_data":10004},"model":"item/leather_chestplate"}]}