{"parent":"item/generated","textures":{"layer0":"item/leather_boots","layer1":"item/leather_boots_overlay"},"overrides":[{"predicate":{"custom_model_data":10000},"model":"mysticcyanset:ia_auto_gen/mysticcyanboots"},{"predicate":{"custom_model_data":10001},"model":"akiraset:ia_auto_gen/akiraboots"},{"predicate":{"custom_model_data":10002},"model":"valerieset:ia_auto_gen/valerieboots"},{"predicate":{"custom_model_data":10003},"model":"evergreenset:ia_auto_gen/evergreenboots"},{"predicate":{"custom_model_data":10004},"model":"item/leather_boots"}]}