{"parent":"item/generated","textures":{"layer0":"item/leather_leggings","layer1":"item/leather_leggings_overlay"},"overrides":[{"predicate":{"custom_model_data":10000},"model":"mysticcyanset:ia_auto_gen/mysticcyanleggings"},{"predicate":{"custom_model_data":10001},"model":"akiraset:ia_auto_gen/akiraleggings"},{"predicate":{"custom_model_data":10002},"model":"valerieset:ia_auto_gen/valerieleggings"},{"predicate":{"custom_model_data":10003},"model":"evergreenset:ia_auto_gen/evergreenleggings"},{"predicate":{"custom_model_data":10004},"model":"item/leather_leggings"}]}