{"parent":"item/generated","textures":{"layer0":"item/paper"},"overrides":[{"predicate":{"custom_model_data":5310},"model":"item/icons/quests/questlocked"},{"predicate":{"custom_model_data":5311},"model":"item/icons/quests/questorange"},{"predicate":{"custom_model_data":5312},"model":"item/icons/quests/questgreen"},{"predicate":{"custom_model_data":10000},"model":"_iainternal:ia_auto_gen/icon_left_blue"},{"predicate":{"custom_model_data":10001},"model":"_iainternal:ia_auto_gen/icon_right_blue"},{"predicate":{"custom_model_data":10002},"model":"_iainternal:ia_auto_gen/icon_search"},{"predicate":{"custom_model_data":10003},"model":"_iainternal:ia_auto_gen/icon_cancel"},{"predicate":{"custom_model_data":10004},"model":"_iainternal:ia_auto_gen/icon_arrow_chest"},{"predicate":{"custom_model_data":10005},"model":"_iainternal:ia_auto_gen/icon_back_orange"},{"predicate":{"custom_model_data":10006},"model":"_iainternal:ia_auto_gen/icon_next_orange"},{"predicate":{"custom_model_data":10007},"model":"valerieset:chest"},{"predicate":{"custom_model_data":10008},"model":"valerieset:chest_opening"},{"predicate":{"custom_model_data":10009},"model":"valerieset:key"},{"predicate":{"custom_model_data":10010},"model":"valerieset:wings"},{"predicate":{"custom_model_data":10011},"model":"mysticcyanset:key"},{"predicate":{"custom_model_data":10012},"model":"mysticcyanset:backpack"},{"predicate":{"custom_model_data":10013},"model":"mysticcyanset:wings"},{"predicate":{"custom_model_data":10014},"model":"mysticcyanset:helmet"},{"predicate":{"custom_model_data":10015},"model":"akiraset:helmet"},{"predicate":{"custom_model_data":10016},"model":"akiraset:key"},{"predicate":{"custom_model_data":10017},"model":"akiraset:wings"},{"predicate":{"custom_model_data":10018},"model":"evergreenset:chest"},{"predicate":{"custom_model_data":10019},"model":"evergreenset:chest_opening"},{"predicate":{"custom_model_data":10020},"model":"evergreenset:crown"},{"predicate":{"custom_model_data":10021},"model":"evergreenset:key"},{"predicate":{"custom_model_data":10022},"model":"evergreenset:wings"},{"predicate":{"custom_model_data":110007},"model":"blank:auto_generated/blank"},{"predicate":{"custom_model_data":110008},"model":"item/paper"}]}