{"parent":"item/generated","textures":{"layer0":"item/potion_overlay","layer1":"item/potion"},"overrides":[{"predicate":{"custom_model_data":2800001},"model":"mysticcyanset:wings_cosmeticscore"},{"predicate":{"custom_model_data":2800002},"model":"mysticcyanset:wings_cosmeticscore_self"},{"predicate":{"custom_model_data":2800003},"model":"mysticcyanset:helmet"},{"predicate":{"custom_model_data":2800004},"model":"mysticcyanset:backpack_cosmeticscore"},{"predicate":{"custom_model_data":2800005},"model":"mysticcyanset:backpack_cosmeticscore_self"},{"predicate":{"custom_model_data":2800006},"model":"item/potion"}]}