{"credit":"MadebyPolygonMC","texture_size":[8,8],"textures":{"1":"evergreenset:axe","2":"evergreenset:animations/animations_1","particle":"evergreenset:animations/animations_1"},"elements":[{"from":[7.3,2,7.3],"to":[8.7,2.5,8.7],"rotation":{"angle":0,"axis":"y","origin":[7.5,0,7.5]},"faces":{"north":{"uv":[13.33333,6,14.33333,6.33333],"texture":"#1"},"east":{"uv":[13.33333,6.66667,14.33333,7],"texture":"#1"},"south":{"uv":[13.33333,7.33333,14.33333,7.66667],"texture":"#1"},"west":{"uv":[8,13.33333,9,13.66667],"texture":"#1"},"up":{"uv":[10.33333,7.66667,9.33333,6.66667],"texture":"#1"},"down":{"uv":[9,9.33333,8,10.33333],"texture":"#1"}}},{"from":[7.3,6.25,7.3],"to":[8.7,6.75,8.7],"rotation":{"angle":0,"axis":"y","origin":[7.5,4.25,7.5]},"faces":{"north":{"uv":[13.33333,8,14.33333,8.33333],"texture":"#1"},"east":{"uv":[13.33333,8.66667,14.33333,9],"texture":"#1"},"south":{"uv":[13.33333,9.33333,14.33333,9.66667],"texture":"#1"},"west":{"uv":[10,13.33333,11,13.66667],"texture":"#1"},"up":{"uv":[10.33333,9,9.33333,8],"texture":"#1"},"down":{"uv":[10.33333,9.33333,9.33333,10.33333],"texture":"#1"}}},{"from":[7.4,6.75,7.4],"to":[8.6,7.25,8.6],"rotation":{"angle":0,"axis":"y","origin":[7.5,4.75,7.5]},"faces":{"north":{"uv":[5.33333,14.66667,6.16667,15],"texture":"#1"},"east":{"uv":[14.66667,6,15.5,6.33333],"texture":"#1"},"south":{"uv":[6.66667,14.66667,7.5,15],"texture":"#1"},"west":{"uv":[14.66667,6.66667,15.5,7],"texture":"#1"}}},{"from":[7.5,1,7.5],"to":[8.5,2,8.5],"rotation":{"angle":0,"axis":"y","origin":[7.5,0,7.5]},"faces":{"north":{"uv":[8,12,8.66667,12.66667],"texture":"#1"},"east":{"uv":[8.66667,12,9.33333,12.66667],"texture":"#1"},"south":{"uv":[12,8.66667,12.66667,9.33333],"texture":"#1"},"west":{"uv":[11.33333,12,12,12.66667],"texture":"#1"},"up":{"uv":[12.66667,12.66667,12,12],"texture":"#1"},"down":{"uv":[13.33333,1.33333,12.66667,2],"texture":"#1"}}},{"from":[7.5,2.5,7.5],"to":[8.5,3.5,8.5],"rotation":{"angle":0,"axis":"y","origin":[7.5,0,7.5]},"faces":{"north":{"uv":[12.66667,2,13.33333,2.66667],"texture":"#1"},"east":{"uv":[12.66667,2.66667,13.33333,3.33333],"texture":"#1"},"south":{"uv":[12.66667,3.33333,13.33333,4],"texture":"#1"},"west":{"uv":[12.66667,4,13.33333,4.66667],"texture":"#1"},"up":{"uv":[5.33333,13.33333,4.66667,12.66667],"texture":"#1"},"down":{"uv":[13.33333,4.66667,12.66667,5.33333],"texture":"#1"}}},{"from":[7.5,5.25,7.5],"to":[8.5,6.25,8.5],"rotation":{"angle":0,"axis":"y","origin":[7.5,2.75,7.5]},"faces":{"north":{"uv":[5.33333,12.66667,6,13.33333],"texture":"#1"},"east":{"uv":[12.66667,5.33333,13.33333,6],"texture":"#1"},"south":{"uv":[6,12.66667,6.66667,13.33333],"texture":"#1"},"west":{"uv":[12.66667,6,13.33333,6.66667],"texture":"#1"},"up":{"uv":[13.33333,7.33333,12.66667,6.66667],"texture":"#1"},"down":{"uv":[13.33333,7.33333,12.66667,8],"texture":"#1"}}},{"from":[7.6,3.5,7.6],"to":[8.4,5.25,8.4],"rotation":{"angle":0,"axis":"y","origin":[7.5,1,7.5]},"faces":{"north":{"uv":[6,11.33333,6.5,12.5],"texture":"#1"},"east":{"uv":[12,1.33333,12.5,2.5],"texture":"#1"},"south":{"uv":[12,2.66667,12.5,3.83333],"texture":"#1"},"west":{"uv":[6.66667,12,7.16667,13.16667],"texture":"#1"}}},{"from":[7.3,8.75,7.3],"to":[8.7,9.25,8.7],"rotation":{"angle":0,"axis":"y","origin":[7.5,6.75,7.5]},"faces":{"north":{"uv":[1.33333,14.66667,2.33333,15],"texture":"#1"},"east":{"uv":[14.66667,1.33333,15.66667,1.66667],"texture":"#1"},"south":{"uv":[14.66667,2,15.66667,2.33333],"texture":"#1"},"west":{"uv":[2.66667,14.66667,3.66667,15],"texture":"#1"},"up":{"uv":[7.66667,11.66667,6.66667,10.66667],"texture":"#1"},"down":{"uv":[11.66667,6.66667,10.66667,7.66667],"texture":"#1"}}},{"from":[7.3,7.25,7.3],"to":[8.7,7.75,8.7],"rotation":{"angle":0,"axis":"y","origin":[7.5,5.25,7.5]},"faces":{"north":{"uv":[14.66667,2.66667,15.66667,3],"texture":"#1"},"east":{"uv":[14.66667,3.33333,15.66667,3.66667],"texture":"#1"},"south":{"uv":[4,14.66667,5,15],"texture":"#1"},"west":{"uv":[14.66667,4,15.66667,4.33333],"texture":"#1"},"up":{"uv":[9,11.66667,8,10.66667],"texture":"#1"},"down":{"uv":[11.66667,8,10.66667,9],"texture":"#1"}}},{"from":[7.3,13.25,7.3],"to":[8.7,13.75,8.7],"rotation":{"angle":0,"axis":"y","origin":[7.5,11.25,7.5]},"faces":{"north":{"uv":[13.33333,14,14.33333,14.33333],"texture":"#1"},"east":{"uv":[0,14.66667,1,15],"texture":"#1"},"south":{"uv":[14.66667,0,15.66667,0.33333],"texture":"#1"},"west":{"uv":[14.66667,0.66667,15.66667,1],"texture":"#1"},"up":{"uv":[5,11,4,10],"texture":"#1"},"down":{"uv":[11,4,10,5],"texture":"#1"}}},{"from":[7.4,13.75,7.4],"to":[8.6,14.25,8.6],"rotation":{"angle":0,"axis":"y","origin":[7.5,11.75,7.5]},"faces":{"north":{"uv":[14.66667,7.33333,15.5,7.66667],"texture":"#1"},"east":{"uv":[8,14.66667,8.83333,15],"texture":"#1"},"south":{"uv":[14.66667,8,15.5,8.33333],"texture":"#1"},"west":{"uv":[14.66667,8.66667,15.5,9],"texture":"#1"}}},{"from":[7.5,7.75,7.5],"to":[8.5,8.75,8.5],"rotation":{"angle":0,"axis":"y","origin":[7.5,6.75,7.5]},"faces":{"north":{"uv":[12.66667,12.66667,13.33333,13.33333],"texture":"#1"},"east":{"uv":[13.33333,0,14,0.66667],"texture":"#1"},"south":{"uv":[0.66667,13.33333,1.33333,14],"texture":"#1"},"west":{"uv":[13.33333,0.66667,14,1.33333],"texture":"#1"},"up":{"uv":[2,14,1.33333,13.33333],"texture":"#1"},"down":{"uv":[14,1.33333,13.33333,2],"texture":"#1"}}},{"from":[7.39,0.265,7.39],"to":[8.61,1.485,8.61],"rotation":{"angle":-45,"axis":"x","origin":[8,0.875,8]},"faces":{"north":{"uv":[11.33333,4,12.16667,4.83333],"texture":"#1"},"east":{"uv":[4.66667,11.33333,5.5,12.16667],"texture":"#1"},"south":{"uv":[11.33333,5.33333,12.16667,6.16667],"texture":"#1"},"west":{"uv":[11.33333,9.33333,12.16667,10.16667],"texture":"#1"},"up":{"uv":[12.16667,11.5,11.33333,10.66667],"texture":"#1"},"down":{"uv":[12.83333,0,12,0.83333],"texture":"#1"}}},{"from":[7.2,14.25,7],"to":[8.8,15.75,9],"rotation":{"angle":0,"axis":"y","origin":[7,14.25,7]},"faces":{"north":{"uv":[0,10,1,11],"texture":"#1"},"east":{"uv":[7.33333,0,8.66667,1],"texture":"#1"},"south":{"uv":[10,0,11,1],"texture":"#1"},"west":{"uv":[7.33333,1.33333,8.66667,2.33333],"texture":"#1"},"up":{"uv":[8.33333,4,7.33333,2.66667],"texture":"#1"},"down":{"uv":[8.33333,4,7.33333,5.33333],"texture":"#1"}}},{"from":[7.205,13.76256,5.82322],"to":[8.795,15.26256,7.82322],"rotation":{"angle":-45,"axis":"x","origin":[8.005,14.51256,6.82322]},"faces":{"north":{"uv":[1.33333,10,2.33333,11],"texture":"#1"},"east":{"uv":[6.66667,7.33333,8,8.33333],"texture":"#1"},"west":{"uv":[5.33333,8,6.66667,9],"texture":"#1"},"up":{"uv":[9,6.66667,8,5.33333],"texture":"#1"},"down":{"uv":[9,6.66667,8,8],"texture":"#1"}}},{"from":[7.205,13.76256,8.17678],"to":[8.795,15.26256,10.17678],"rotation":{"angle":45,"axis":"x","origin":[8.005,14.51256,9.17678]},"faces":{"east":{"uv":[8,8,9.33333,9],"texture":"#1"},"south":{"uv":[10,1.33333,11,2.33333],"texture":"#1"},"west":{"uv":[8.66667,0,10,1],"texture":"#1"},"up":{"uv":[9.66667,2.66667,8.66667,1.33333],"texture":"#1"},"down":{"uv":[9.66667,2.66667,8.66667,4],"texture":"#1"}}},{"from":[7.5,14.8,4.55],"to":[8.5,15.8,7.05],"rotation":{"angle":0,"axis":"y","origin":[7.25,14.8,5.05]},"faces":{"north":{"uv":[8,12.66667,8.66667,13.33333],"texture":"#1"},"east":{"uv":[0,9.33333,1.66667,10],"texture":"#1"},"south":{"uv":[12.66667,8,13.33333,8.66667],"texture":"#1"},"west":{"uv":[2,9.33333,3.66667,10],"texture":"#1"},"up":{"uv":[7.33333,10.33333,6.66667,8.66667],"texture":"#1"},"down":{"uv":[8,8.66667,7.33333,10.33333],"texture":"#1"}}},{"from":[7.5,15.8,6.3],"to":[8.5,16.8,7.05],"rotation":{"angle":0,"axis":"x","origin":[8,16.55,6.55]},"faces":{"north":{"uv":[8.66667,12.66667,9.33333,13.33333],"texture":"#1"},"east":{"uv":[6.66667,13.33333,7.16667,14],"texture":"#1"},"south":{"uv":[12.66667,8.66667,13.33333,9.33333],"texture":"#1"},"west":{"uv":[13.33333,10,13.83333,10.66667],"texture":"#1"},"up":{"uv":[14,11.16667,13.33333,10.66667],"texture":"#1"},"down":{"uv":[12,13.33333,11.33333,13.83333],"texture":"#1"}}},{"from":[7.505,16.35604,6.33858],"to":[8.495,17.10604,7.33858],"rotation":{"angle":-22.5,"axis":"x","origin":[8.005,16.85604,7.08858]},"faces":{"north":{"uv":[13.33333,11.33333,14,11.83333],"texture":"#1"},"east":{"uv":[12,13.33333,12.66667,13.83333],"texture":"#1"},"south":{"uv":[13.33333,12,14,12.5],"texture":"#1"},"west":{"uv":[12.66667,13.33333,13.33333,13.83333],"texture":"#1"},"up":{"uv":[13.33333,10,12.66667,9.33333],"texture":"#1"},"down":{"uv":[13.33333,10,12.66667,10.66667],"texture":"#1"}}},{"from":[7.505,16.35604,8.66142],"to":[8.495,17.10604,9.66142],"rotation":{"angle":22.5,"axis":"x","origin":[8.005,16.85604,8.91142]},"faces":{"north":{"uv":[13.33333,12.66667,14,13.16667],"texture":"#1"},"east":{"uv":[13.33333,13.33333,14,13.83333],"texture":"#1"},"south":{"uv":[0,14,0.66667,14.5],"texture":"#1"},"west":{"uv":[14,0,14.66667,0.5],"texture":"#1"},"up":{"uv":[11.33333,13.33333,10.66667,12.66667],"texture":"#1"},"down":{"uv":[13.33333,10.66667,12.66667,11.33333],"texture":"#1"}}},{"from":[7.5,15.8,8.95],"to":[8.5,16.8,9.7],"rotation":{"angle":0,"axis":"x","origin":[8,16.55,9.45]},"faces":{"north":{"uv":[11.33333,12.66667,12,13.33333],"texture":"#1"},"east":{"uv":[0.66667,14,1.16667,14.66667],"texture":"#1"},"south":{"uv":[12.66667,11.33333,13.33333,12],"texture":"#1"},"west":{"uv":[14,0.66667,14.5,1.33333],"texture":"#1"},"up":{"uv":[2,14.5,1.33333,14],"texture":"#1"},"down":{"uv":[14.66667,1.33333,14,1.83333],"texture":"#1"}}},{"from":[7.5,14.8,8.95],"to":[8.5,15.8,11.45],"rotation":{"angle":0,"axis":"y","origin":[7.25,14.8,10.95]},"faces":{"north":{"uv":[12,12.66667,12.66667,13.33333],"texture":"#1"},"east":{"uv":[9.33333,5.33333,11,6],"texture":"#1"},"south":{"uv":[12.66667,12,13.33333,12.66667],"texture":"#1"},"west":{"uv":[9.33333,6,11,6.66667],"texture":"#1"},"up":{"uv":[6,11,5.33333,9.33333],"texture":"#1"},"down":{"uv":[6.66667,9.33333,6,11],"texture":"#1"}}},{"from":[7.605,13.08104,6.33858],"to":[8.395,13.83104,7.33858],"rotation":{"angle":-22.5,"axis":"x","origin":[8.005,13.58104,7.08858]},"faces":{"north":{"uv":[9.33333,14.66667,9.83333,15.16667],"texture":"#1"},"east":{"uv":[14,2,14.66667,2.5],"texture":"#1"},"south":{"uv":[14.66667,9.33333,15.16667,9.83333],"texture":"#1"},"west":{"uv":[14,2.66667,14.66667,3.16667],"texture":"#1"},"up":{"uv":[14.5,4,14,3.33333],"texture":"#1"},"down":{"uv":[14.5,4,14,4.66667],"texture":"#1"}}},{"from":[7.6,11.025,6.3],"to":[8.4,13.525,7.05],"rotation":{"angle":0,"axis":"x","origin":[8,13.275,6.55]},"faces":{"north":{"uv":[11.33333,0,11.83333,1.66667],"texture":"#1"},"east":{"uv":[0.66667,11.33333,1.16667,13],"texture":"#1"},"south":{"uv":[1.33333,11.33333,1.83333,13],"texture":"#1"},"west":{"uv":[2,11.33333,2.5,13],"texture":"#1"},"up":{"uv":[10.5,15.16667,10,14.66667],"texture":"#1"},"down":{"uv":[15.16667,10,14.66667,10.5],"texture":"#1"}}},{"from":[7.605,10.71896,6.33858],"to":[8.395,11.46896,7.33858],"rotation":{"angle":22.5,"axis":"x","origin":[8.005,10.96896,7.08858]},"faces":{"north":{"uv":[10.66667,14.66667,11.16667,15.16667],"texture":"#1"},"east":{"uv":[14,4.66667,14.66667,5.16667],"texture":"#1"},"south":{"uv":[14.66667,10.66667,15.16667,11.16667],"texture":"#1"},"west":{"uv":[14,5.33333,14.66667,5.83333],"texture":"#1"},"up":{"uv":[7.16667,14.66667,6.66667,14],"texture":"#1"},"down":{"uv":[7.83333,14,7.33333,14.66667],"texture":"#1"}}},{"from":[7.605,10.71896,8.66142],"to":[8.395,11.46896,9.66142],"rotation":{"angle":-22.5,"axis":"x","origin":[8.005,10.96896,8.91142]},"faces":{"north":{"uv":[11.33333,14.66667,11.83333,15.16667],"texture":"#1"},"east":{"uv":[8,14,8.66667,14.5],"texture":"#1"},"south":{"uv":[14.66667,11.33333,15.16667,11.83333],"texture":"#1"},"west":{"uv":[8.66667,14,9.33333,14.5],"texture":"#1"},"up":{"uv":[9.83333,14.66667,9.33333,14],"texture":"#1"},"down":{"uv":[10.5,14,10,14.66667],"texture":"#1"}}},{"from":[7.605,13.08104,8.66142],"to":[8.395,13.83104,9.66142],"rotation":{"angle":22.5,"axis":"x","origin":[8.005,13.58104,8.91142]},"faces":{"north":{"uv":[14.66667,12,15.16667,12.5],"texture":"#1"},"east":{"uv":[14,10,14.66667,10.5],"texture":"#1"},"south":{"uv":[14.66667,12.66667,15.16667,13.16667],"texture":"#1"},"west":{"uv":[10.66667,14,11.33333,14.5],"texture":"#1"},"up":{"uv":[14.5,11.33333,14,10.66667],"texture":"#1"},"down":{"uv":[11.83333,14,11.33333,14.66667],"texture":"#1"}}},{"from":[7.6,11.025,8.95],"to":[8.4,13.525,9.7],"rotation":{"angle":0,"axis":"x","origin":[8,13.275,9.45]},"faces":{"north":{"uv":[11.33333,2,11.83333,3.66667],"texture":"#1"},"east":{"uv":[2.66667,11.33333,3.16667,13],"texture":"#1"},"south":{"uv":[3.33333,11.33333,3.83333,13],"texture":"#1"},"west":{"uv":[4,11.33333,4.5,13],"texture":"#1"},"up":{"uv":[13.83333,15.16667,13.33333,14.66667],"texture":"#1"},"down":{"uv":[15.16667,13.33333,14.66667,13.83333],"texture":"#1"}}},{"from":[7.7475,15.16154,7],"to":[8.2525,16.57954,8.418],"rotation":{"angle":-45,"axis":"x","origin":[7.9975,16.16154,8]},"faces":{"north":{"uv":[14,11.33333,14.33333,12.33333],"texture":"#1"},"east":{"uv":[2.66667,10,3.66667,11],"texture":"#1"},"south":{"uv":[12,14,12.33333,15],"texture":"#1"},"west":{"uv":[10,2.66667,11,3.66667],"texture":"#1"},"up":{"uv":[13,15,12.66667,14],"texture":"#1"},"down":{"uv":[14.33333,12.66667,14,13.66667],"texture":"#1"}}},{"from":[7.4,9.25,7.4],"to":[8.6,13.25,8.6],"rotation":{"angle":0,"axis":"y","origin":[6.8,10.5,6.8]},"faces":{"north":{"uv":[5.33333,5.33333,6.16667,8],"texture":"#1"},"east":{"uv":[0,6.66667,0.83333,9.33333],"texture":"#1"},"south":{"uv":[1.33333,6.66667,2.16667,9.33333],"texture":"#1"},"west":{"uv":[2.66667,6.66667,3.5,9.33333],"texture":"#1"}}},{"from":[7.75,13.3,2.55],"to":[8.25,15.3,6.55],"rotation":{"angle":0,"axis":"x","origin":[8,13.14045,4.41096]},"faces":{"north":{"uv":[2,13.33333,2.33333,14.66667],"texture":"#1"},"east":{"uv":[0,5.33333,2.66667,6.66667],"texture":"#1"},"south":{"uv":[13.33333,2,13.66667,3.33333],"texture":"#1"},"west":{"uv":[2.66667,5.33333,5.33333,6.66667],"texture":"#1"},"up":{"uv":[10.33333,13.33333,10,10.66667],"texture":"#1"},"down":{"uv":[0.33333,11.33333,0,14],"texture":"#1"}}},{"from":[7.76,11.71421,2.13579],"to":[8.24,13.71421,6.31079],"rotation":{"angle":0,"axis":"x","origin":[8.01,14.55467,2.99675]},"faces":{"north":{"uv":[13.33333,3.33333,13.66667,4.66667],"texture":"#1"},"east":{"uv":[4,0,6.83333,1.33333],"texture":"#1"},"south":{"uv":[4,13.33333,4.33333,14.66667],"texture":"#1"},"west":{"uv":[4,1.33333,6.83333,2.66667],"texture":"#1"},"down":{"uv":[9.66667,10.66667,9.33333,13.5],"texture":"#1"}}},{"from":[7.765,10.57284,2.39763],"to":[8.235,12.39784,6.24763],"rotation":{"angle":-22.5,"axis":"x","origin":[8.005,11.39784,3.98513]},"faces":{"north":{"uv":[4.66667,13.33333,5,14.66667],"texture":"#1"},"east":{"uv":[4,2.66667,6.83333,4],"texture":"#1"},"south":{"uv":[13.33333,4.66667,13.66667,6],"texture":"#1"},"west":{"uv":[4,4,6.83333,5.33333],"texture":"#1"},"down":{"uv":[11,9.33333,10.66667,12.16667],"texture":"#1"}}},{"from":[7.77,9.00251,3.31027],"to":[8.23,10.88551,5.08527],"rotation":{"angle":45,"axis":"x","origin":[8.005,10.09001,4.31027]},"faces":{"north":{"uv":[12,6.66667,12.33333,8.16667],"texture":"#1"},"east":{"uv":[4,6.66667,5.33333,8.16667],"texture":"#1"},"south":{"uv":[7.33333,12,7.66667,13.5],"texture":"#1"},"west":{"uv":[6.66667,5.33333,8,6.83333],"texture":"#1"},"up":{"uv":[5.66667,14.66667,5.33333,13.33333],"texture":"#1"},"down":{"uv":[6.33333,13.33333,6,14.66667],"texture":"#1"}}},{"from":[7.755,13.74612,1.47297],"to":[8.245,15.16612,3.32297],"rotation":{"angle":45,"axis":"x","origin":[8,14.45612,2.39797]},"faces":{"north":{"uv":[14.66667,4.66667,15,5.66667],"texture":"#1"},"east":{"uv":[4,8.66667,5.33333,9.66667],"texture":"#1"},"west":{"uv":[8.66667,4,10,5],"texture":"#1"},"up":{"uv":[3,14.66667,2.66667,13.33333],"texture":"#1"},"down":{"uv":[3.66667,13.33333,3.33333,14.66667],"texture":"#1"}}},{"from":[8,7.33921,0.31079],"to":[8,15.33921,5.81079],"rotation":{"angle":0,"axis":"y","origin":[8,7.71421,1.13579]},"faces":{"north":{"uv":[0,0,0,5.33333],"texture":"#1"},"east":{"uv":[3.66667,0,0,5.33333],"texture":"#1"},"south":{"uv":[0,0,0,5.33333],"texture":"#1"},"west":{"uv":[0,0,3.66667,5.33333],"texture":"#1"},"up":{"uv":[0,3.66667,0,0],"texture":"#1"},"down":{"uv":[0,0,0,3.66667],"texture":"#1"}}},{"from":[7.75,13.3,9.45],"to":[8.25,15.3,13.45],"rotation":{"angle":0,"axis":"x","origin":[8,13.14045,11.58904]},"faces":{"north":{"uv":[13.66667,2,13.33333,3.33333],"texture":"#1"},"east":{"uv":[2.66667,5.33333,0,6.66667],"texture":"#1"},"south":{"uv":[2.33333,13.33333,2,14.66667],"texture":"#1"},"west":{"uv":[5.33333,5.33333,2.66667,6.66667],"texture":"#1"},"up":{"uv":[10.33333,10.66667,10,13.33333],"texture":"#1"},"down":{"uv":[0.33333,14,0,11.33333],"texture":"#1"}}},{"from":[7.76,11.71421,9.68921],"to":[8.24,13.71421,13.86421],"rotation":{"angle":0,"axis":"x","origin":[8.01,14.55467,13.00325]},"faces":{"north":{"uv":[4.33333,13.33333,4,14.66667],"texture":"#1"},"east":{"uv":[6.83333,0,4,1.33333],"texture":"#1"},"south":{"uv":[13.66667,3.33333,13.33333,4.66667],"texture":"#1"},"west":{"uv":[6.83333,1.33333,4,2.66667],"texture":"#1"},"down":{"uv":[9.66667,13.5,9.33333,10.66667],"texture":"#1"}}},{"from":[7.765,10.57284,9.75237],"to":[8.235,12.39784,13.60237],"rotation":{"angle":22.5,"axis":"x","origin":[8.005,11.39784,12.01487]},"faces":{"north":{"uv":[13.66667,4.66667,13.33333,6],"texture":"#1"},"east":{"uv":[6.83333,2.66667,4,4],"texture":"#1"},"south":{"uv":[5,13.33333,4.66667,14.66667],"texture":"#1"},"west":{"uv":[6.83333,4,4,5.33333],"texture":"#1"},"down":{"uv":[11,12.16667,10.66667,9.33333],"texture":"#1"}}},{"from":[7.77,9.00251,10.91473],"to":[8.23,10.88551,12.68973],"rotation":{"angle":-45,"axis":"x","origin":[8.005,10.09001,11.68973]},"faces":{"north":{"uv":[7.66667,12,7.33333,13.5],"texture":"#1"},"east":{"uv":[5.33333,6.66667,4,8.16667],"texture":"#1"},"south":{"uv":[12.33333,6.66667,12,8.16667],"texture":"#1"},"west":{"uv":[8,5.33333,6.66667,6.83333],"texture":"#1"},"up":{"uv":[5.66667,13.33333,5.33333,14.66667],"texture":"#1"},"down":{"uv":[6.33333,14.66667,6,13.33333],"texture":"#1"}}},{"from":[8,7.33921,10.18921],"to":[8,15.33921,15.68921],"rotation":{"angle":0,"axis":"y","origin":[8,7.71421,14.86421]},"faces":{"north":{"uv":[0,0,0,5.33333],"texture":"#1"},"east":{"uv":[0,0,3.66667,5.33333],"texture":"#1"},"south":{"uv":[0,0,0,5.33333],"texture":"#1"},"west":{"uv":[3.66667,0,0,5.33333],"texture":"#1"},"up":{"uv":[0,0,0,3.66667],"texture":"#1"},"down":{"uv":[0,3.66667,0,0],"texture":"#1"}}},{"from":[7.755,13.74612,12.67703],"to":[8.245,15.16612,14.52703],"rotation":{"angle":-45,"axis":"x","origin":[8,14.45612,13.60203]},"faces":{"east":{"uv":[5.33333,8.66667,4,9.66667],"texture":"#1"},"south":{"uv":[15,4.66667,14.66667,5.66667],"texture":"#1"},"west":{"uv":[10,4,8.66667,5],"texture":"#1"},"up":{"uv":[3,13.33333,2.66667,14.66667],"texture":"#1"},"down":{"uv":[3.66667,14.66667,3.33333,13.33333],"texture":"#1"}}},{"from":[7.65,10.25,2.5],"to":[7.65,15.25,7.5],"rotation":{"angle":0,"axis":"x","origin":[7.65,12.75,5]},"faces":{"north":{"uv":[0,10,0,0],"rotation":180,"texture":"#2"},"south":{"uv":[0,0,0,10],"texture":"#2"},"west":{"uv":[0,0,10,10],"rotation":270,"texture":"#2"},"up":{"uv":[0,0,0,10],"texture":"#2"},"down":{"uv":[0,0,0,10],"rotation":180,"texture":"#2"}}},{"from":[7.65,10.25,8.5],"to":[7.65,15.25,13.5],"rotation":{"angle":0,"axis":"x","origin":[7.65,12.75,11]},"faces":{"north":{"uv":[0,0,0,10],"texture":"#2"},"south":{"uv":[0,10,0,0],"rotation":180,"texture":"#2"},"west":{"uv":[0,10,10,0],"rotation":270,"texture":"#2"},"up":{"uv":[0,10,0,0],"texture":"#2"},"down":{"uv":[0,10,0,0],"rotation":180,"texture":"#2"}}},{"from":[8.35,10.25,8.5],"to":[8.35,15.25,13.5],"rotation":{"angle":0,"axis":"x","origin":[8.35,12.75,11]},"faces":{"north":{"uv":[0,0,0,10],"texture":"#2"},"east":{"uv":[0,0,10,10],"rotation":270,"texture":"#2"},"south":{"uv":[0,10,0,0],"rotation":180,"texture":"#2"},"up":{"uv":[0,10,0,0],"texture":"#2"},"down":{"uv":[0,10,0,0],"rotation":180,"texture":"#2"}}},{"from":[8.35,10.25,2.5],"to":[8.35,15.25,7.5],"rotation":{"angle":0,"axis":"x","origin":[8.35,12.75,5]},"faces":{"north":{"uv":[0,10,0,0],"rotation":180,"texture":"#2"},"east":{"uv":[0,10,10,0],"rotation":270,"texture":"#2"},"south":{"uv":[0,0,0,10],"texture":"#2"},"up":{"uv":[0,0,0,10],"texture":"#2"},"down":{"uv":[0,0,0,10],"rotation":180,"texture":"#2"}}}],"gui_light":"front","display":{"thirdperson_righthand":{"translation":[0,1.75,1]},"thirdperson_lefthand":{"translation":[0,1.75,1]},"firstperson_righthand":{"rotation":[-5,0,0],"translation":[-0.5,3.25,0.5]},"firstperson_lefthand":{"rotation":[-5,0,0],"translation":[-0.5,3.25,0.5]},"ground":{"translation":[0,9.25,0]},"gui":{"rotation":[90,-45,90],"translation":[2.25,-2.25,0]},"head":{"scale":[0,0,0]},"fixed":{"rotation":[0,90,0],"translation":[0,-1.25,-1.5],"scale":[2,2,2]}}}