{"credit":"MadebyPolygonMC","texture_size":[24,24],"textures":{"1":"evergreenset:bow","2":"evergreenset:animations/animations_1","particle":"evergreenset:animations/animations_1"},"elements":[{"from":[7.3,9.875,9.425],"to":[8.7,10.375,10.825],"rotation":{"angle":0,"axis":"x","origin":[8,8.6875,10.125]},"faces":{"north":{"uv":[0,12.66667,1,13],"texture":"#1"},"east":{"uv":[12.66667,0,13.66667,0.33333],"texture":"#1"},"south":{"uv":[12.66667,0.66667,13.66667,1],"texture":"#1"},"west":{"uv":[12.66667,1.33333,13.66667,1.66667],"texture":"#1"},"up":{"uv":[9.66667,2.33333,8.66667,1.33333],"texture":"#1"},"down":{"uv":[9.66667,2.66667,8.66667,3.66667],"texture":"#1"}}},{"from":[7.5,10.375,9.625],"to":[8.5,11.375,10.625],"rotation":{"angle":0,"axis":"x","origin":[8,8.6875,10.125]},"faces":{"north":{"uv":[11.33333,10.66667,12,11.33333],"texture":"#1"},"east":{"uv":[11.33333,11.33333,12,12],"texture":"#1"},"south":{"uv":[0,12,0.66667,12.66667],"texture":"#1"},"west":{"uv":[12,0,12.66667,0.66667],"texture":"#1"},"up":{"uv":[1.33333,12.66667,0.66667,12],"texture":"#1"},"down":{"uv":[12.66667,0.66667,12,1.33333],"texture":"#1"}}},{"from":[7.5,8.875,9.625],"to":[8.5,9.875,10.625],"rotation":{"angle":0,"axis":"x","origin":[8,8.6875,10.125]},"faces":{"north":{"uv":[11.33333,8,12,8.66667],"texture":"#1"},"east":{"uv":[8.66667,11.33333,9.33333,12],"texture":"#1"},"south":{"uv":[11.33333,8.66667,12,9.33333],"texture":"#1"},"west":{"uv":[9.33333,11.33333,10,12],"texture":"#1"},"up":{"uv":[12,10,11.33333,9.33333],"texture":"#1"},"down":{"uv":[12,10,11.33333,10.66667],"texture":"#1"}}},{"from":[7.6,7.125,9.725],"to":[8.4,8.875,10.525],"rotation":{"angle":0,"axis":"x","origin":[8,8.6875,10.125]},"faces":{"north":{"uv":[2.66667,10,3.16667,11.16667],"texture":"#1"},"east":{"uv":[0,10.66667,0.5,11.83333],"texture":"#1"},"south":{"uv":[10,10.66667,10.5,11.83333],"texture":"#1"},"west":{"uv":[10.66667,10.66667,11.16667,11.83333],"texture":"#1"},"up":{"uv":[0,0,0,0],"texture":"#1"},"down":{"uv":[0,0,0,0],"texture":"#1"}}},{"from":[7.39,10.06624,11.50374],"to":[8.61,11.28624,12.72374],"rotation":{"angle":-45,"axis":"x","origin":[8,8.6875,10.125]},"faces":{"north":{"uv":[10,6.66667,10.83333,7.5],"texture":"#1"},"east":{"uv":[7.33333,10,8.16667,10.83333],"texture":"#1"},"south":{"uv":[8.66667,10,9.5,10.83333],"texture":"#1"},"west":{"uv":[10,9.33333,10.83333,10.16667],"texture":"#1"},"up":{"uv":[11.5,0.83333,10.66667,0],"texture":"#1"},"down":{"uv":[5.5,10.66667,4.66667,11.5],"texture":"#1"}}},{"from":[7.39,13.29124,11.35374],"to":[8.61,14.81124,12.87374],"rotation":{"angle":-45,"axis":"x","origin":[8,8.6875,10.125]},"faces":{"north":{"uv":[1.33333,10,2.16667,11],"texture":"#1"},"east":{"uv":[8.66667,5.33333,9.66667,6.33333],"texture":"#1"},"south":{"uv":[10,2,10.83333,3],"texture":"#1"},"west":{"uv":[8.66667,6.66667,9.66667,7.66667],"texture":"#1"},"up":{"uv":[10.83333,6.33333,10,5.33333],"texture":"#1"},"down":{"uv":[6.83333,10,6,11],"texture":"#1"}}},{"from":[7.39,15.3407,11.16773],"to":[8.61,16.3607,12.18773],"rotation":{"angle":22.5,"axis":"x","origin":[8,15.8507,11.67773]},"faces":{"north":{"uv":[10,3.33333,10.83333,4],"texture":"#1"},"east":{"uv":[12,1.33333,12.66667,2],"texture":"#1"},"south":{"uv":[10.66667,1.33333,11.5,2],"texture":"#1"},"west":{"uv":[2.66667,12,3.33333,12.66667],"texture":"#1"},"up":{"uv":[2.16667,12,1.33333,11.33333],"texture":"#1"},"down":{"uv":[12.16667,2,11.33333,2.66667],"texture":"#1"}}},{"from":[7.39,15.3407,13.16773],"to":[8.61,16.3607,14.18773],"rotation":{"angle":22.5,"axis":"x","origin":[8,15.8507,11.67773]},"faces":{"north":{"uv":[11.33333,2.66667,12.16667,3.33333],"texture":"#1"},"east":{"uv":[12,6,12.66667,6.66667],"texture":"#1"},"south":{"uv":[11.33333,3.33333,12.16667,4],"texture":"#1"},"west":{"uv":[6.66667,12,7.33333,12.66667],"texture":"#1"},"up":{"uv":[12.16667,6,11.33333,5.33333],"texture":"#1"},"down":{"uv":[6.83333,11.33333,6,12],"texture":"#1"}}},{"from":[7.2,7,7.59122],"to":[8.8,9,9.09122],"rotation":{"angle":0,"axis":"x","origin":[8,8,6.4]},"faces":{"north":{"uv":[6,5.33333,7,6.66667],"texture":"#1"},"east":{"uv":[6.66667,0,7.66667,1.33333],"texture":"#1"},"south":{"uv":[6.66667,1.33333,7.66667,2.66667],"texture":"#1"},"west":{"uv":[6.66667,2.66667,7.66667,4],"texture":"#1"},"up":{"uv":[9,5,8,4],"texture":"#1"},"down":{"uv":[8.33333,8,7.33333,9],"texture":"#1"}}},{"from":[7.205,6.36479,7.94943],"to":[8.795,7.86479,9.94943],"rotation":{"angle":-45,"axis":"x","origin":[8,8,6.4]},"faces":{"north":{"uv":[0,0,0,0],"texture":"#1"},"east":{"uv":[6.66667,4,8,5],"texture":"#1"},"south":{"uv":[8.66667,0,9.66667,1],"texture":"#1"},"west":{"uv":[6,6.66667,7.33333,7.66667],"texture":"#1"},"up":{"uv":[8.33333,6.66667,7.33333,5.33333],"texture":"#1"},"down":{"uv":[8.33333,6.66667,7.33333,8],"texture":"#1"}}},{"from":[7.505,8.62464,5.87991],"to":[8.495,9.62464,6.62991],"rotation":{"angle":22.5,"axis":"x","origin":[8,8,6.4]},"faces":{"north":{"uv":[2.66667,11.33333,3.33333,12],"texture":"#1"},"east":{"uv":[12,6.66667,12.5,7.33333],"texture":"#1"},"south":{"uv":[11.33333,6,12,6.66667],"texture":"#1"},"west":{"uv":[7.33333,12,7.83333,12.66667],"texture":"#1"},"up":{"uv":[12.66667,7.83333,12,7.33333],"texture":"#1"},"down":{"uv":[8.66667,12,8,12.5],"texture":"#1"}}},{"from":[7.5,8.95,6.54122],"to":[8.5,9.7,7.54122],"rotation":{"angle":0,"axis":"x","origin":[8,8,6.4]},"faces":{"north":{"uv":[12,8,12.66667,8.5],"texture":"#1"},"east":{"uv":[8.66667,12,9.33333,12.5],"texture":"#1"},"south":{"uv":[12,8.66667,12.66667,9.16667],"texture":"#1"},"west":{"uv":[9.33333,12,10,12.5],"texture":"#1"},"up":{"uv":[12,7.33333,11.33333,6.66667],"texture":"#1"},"down":{"uv":[8,11.33333,7.33333,12],"texture":"#1"}}},{"from":[7.5,8.95,7.54122],"to":[8.5,11.45,8.54122],"rotation":{"angle":0,"axis":"x","origin":[8,8,6.4]},"faces":{"north":{"uv":[8,0,8.66667,1.66667],"texture":"#1"},"east":{"uv":[8,2,8.66667,3.66667],"texture":"#1"},"south":{"uv":[6,8,6.66667,9.66667],"texture":"#1"},"west":{"uv":[6.66667,8,7.33333,9.66667],"texture":"#1"},"up":{"uv":[12,8,11.33333,7.33333],"texture":"#1"},"down":{"uv":[8.66667,11.33333,8,12],"texture":"#1"}}},{"from":[7.6,8.95,3.81622],"to":[8.4,9.7,6.31622],"rotation":{"angle":0,"axis":"x","origin":[8,8,6.4]},"faces":{"north":{"uv":[5.33333,12.66667,5.83333,13.16667],"texture":"#1"},"east":{"uv":[9.33333,8,11,8.5],"texture":"#1"},"south":{"uv":[6,12.66667,6.5,13.16667],"texture":"#1"},"west":{"uv":[9.33333,8.66667,11,9.16667],"texture":"#1"},"up":{"uv":[10.5,1.66667,10,0],"texture":"#1"},"down":{"uv":[1.16667,10,0.66667,11.66667],"texture":"#1"}}},{"from":[7.605,8.60266,6.22316],"to":[8.395,9.60266,6.97316],"rotation":{"angle":-22.5,"axis":"x","origin":[8,8,6.4]},"faces":{"north":{"uv":[12,9.33333,12.5,10],"texture":"#1"},"east":{"uv":[10,12,10.5,12.66667],"texture":"#1"},"south":{"uv":[12,10,12.5,10.66667],"texture":"#1"},"west":{"uv":[10.66667,12,11.16667,12.66667],"texture":"#1"},"up":{"uv":[13.16667,6.5,12.66667,6],"texture":"#1"},"down":{"uv":[7.16667,12.66667,6.66667,13.16667],"texture":"#1"}}},{"from":[7.605,7.58183,3.36234],"to":[8.395,8.58183,4.11234],"rotation":{"angle":22.5,"axis":"x","origin":[8,8,6.4]},"faces":{"north":{"uv":[12,10.66667,12.5,11.33333],"texture":"#1"},"east":{"uv":[11.33333,12,11.83333,12.66667],"texture":"#1"},"south":{"uv":[12,11.33333,12.5,12],"texture":"#1"},"west":{"uv":[12,12,12.5,12.66667],"texture":"#1"},"up":{"uv":[13.16667,7.16667,12.66667,6.66667],"texture":"#1"},"down":{"uv":[7.83333,12.66667,7.33333,13.16667],"texture":"#1"}}},{"from":[7.5,3,13.375],"to":[8.5,5,13.875],"rotation":{"angle":-45,"axis":"x","origin":[7.5,3,0.75]},"faces":{"north":{"uv":[8.66667,8,9.33333,9.33333],"texture":"#1"},"east":{"uv":[1.33333,12,1.66667,13.33333],"texture":"#1"},"south":{"uv":[0,9.33333,0.66667,10.66667],"texture":"#1"},"west":{"uv":[2,12,2.33333,13.33333],"texture":"#1"},"up":{"uv":[13.33333,11,12.66667,10.66667],"texture":"#1"},"down":{"uv":[0,0,0,0],"texture":"#1"}}},{"from":[7.65,12.51821,9.504],"to":[8.35,13.26821,10.204],"rotation":{"angle":22.5,"axis":"x","origin":[8,13.51821,9.854]},"faces":{"north":{"uv":[12.66667,7.33333,13.16667,7.83333],"texture":"#1"},"east":{"uv":[8,12.66667,8.5,13.16667],"texture":"#1"},"south":{"uv":[12.66667,8,13.16667,8.5],"texture":"#1"},"west":{"uv":[8.66667,12.66667,9.16667,13.16667],"texture":"#1"},"up":{"uv":[13.16667,9.16667,12.66667,8.66667],"texture":"#1"},"down":{"uv":[0,0,0,0],"texture":"#1"}}},{"from":[7.75,13.26821,9.604],"to":[8.25,14.41821,10.104],"rotation":{"angle":22.5,"axis":"x","origin":[8,13.51821,9.854]},"faces":{"north":{"uv":[13,4.66667,12.66667,5.5],"texture":"#1"},"east":{"uv":[12.66667,4.66667,13,5.5],"texture":"#1"},"south":{"uv":[13,4.66667,12.66667,5.5],"texture":"#1"},"west":{"uv":[12.66667,4.66667,13,5.5],"texture":"#1"},"up":{"uv":[0,0,0,0],"texture":"#1"},"down":{"uv":[0,0,0,0],"texture":"#1"}}},{"from":[7.65,14.32306,9.98235],"to":[8.35,15.14806,10.68235],"rotation":{"angle":22.5,"axis":"x","origin":[8,14.67306,10.33235]},"faces":{"north":{"uv":[9.33333,12.66667,9.83333,13.16667],"texture":"#1"},"east":{"uv":[12.66667,9.33333,13.16667,9.83333],"texture":"#1"},"south":{"uv":[10,12.66667,10.5,13.16667],"texture":"#1"},"west":{"uv":[12.66667,10,13.16667,10.5],"texture":"#1"},"up":{"uv":[0,0,0,0],"texture":"#1"},"down":{"uv":[11.16667,12.66667,10.66667,13.16667],"texture":"#1"}}},{"from":[7.75,3,12.875],"to":[8.25,5,13.375],"rotation":{"angle":-45,"axis":"x","origin":[7.5,3,0.75]},"faces":{"north":{"uv":[3.33333,12,3.66667,13.33333],"texture":"#1"},"east":{"uv":[4,12,4.33333,13.33333],"texture":"#1"},"south":{"uv":[12,4,12.33333,5.33333],"texture":"#1"},"west":{"uv":[4.66667,12,5,13.33333],"texture":"#1"},"up":{"uv":[2.33333,13.66667,2,13.33333],"texture":"#1"},"down":{"uv":[0,0,0,0],"texture":"#1"}}},{"from":[7.5,15.05565,8.09144],"to":[8.5,15.55565,12.09144],"rotation":{"angle":-22.5,"axis":"x","origin":[8,14.75565,11.09144]},"faces":{"north":{"uv":[11.33333,12.66667,12,13],"texture":"#1"},"east":{"uv":[0.66667,9.33333,3.33333,9.66667],"texture":"#1"},"south":{"uv":[0,0,0,0],"texture":"#1"},"west":{"uv":[9.33333,4,12,4.33333],"texture":"#1"},"up":{"uv":[6.66667,2.66667,6,0],"texture":"#1"},"down":{"uv":[6.66667,2.66667,6,5.33333],"texture":"#1"}}},{"from":[7.75,15.55565,8.09144],"to":[8.25,16.05565,12.09144],"rotation":{"angle":-22.5,"axis":"x","origin":[8,14.75565,11.09144]},"faces":{"north":{"uv":[13.33333,2,13.66667,2.33333],"texture":"#1"},"east":{"uv":[9.33333,4.66667,12,5],"texture":"#1"},"south":{"uv":[0,0,0,0],"texture":"#1"},"west":{"uv":[7.33333,9.33333,10,9.66667],"texture":"#1"},"up":{"uv":[3.66667,12,3.33333,9.33333],"texture":"#1"},"down":{"uv":[4.33333,9.33333,4,12],"texture":"#1"}}},{"from":[7.5,14.6928,12.63193],"to":[8.5,15.1928,13.63193],"rotation":{"angle":22.5,"axis":"x","origin":[8,16.6428,13.55693]},"faces":{"north":{"uv":[0,13.33333,0.66667,13.66667],"texture":"#1"},"east":{"uv":[0.66667,13.33333,1.33333,13.66667],"texture":"#1"},"south":{"uv":[0,0,0,0],"texture":"#1"},"west":{"uv":[1.33333,13.33333,2,13.66667],"texture":"#1"},"up":{"uv":[6,12.66667,5.33333,12],"texture":"#1"},"down":{"uv":[6.66667,12,6,12.66667],"texture":"#1"}}},{"from":[7.75,15.1928,12.63193],"to":[8.25,15.6928,13.63193],"rotation":{"angle":22.5,"axis":"x","origin":[8,16.6428,13.55693]},"faces":{"north":{"uv":[13.33333,2.66667,13.66667,3],"texture":"#1"},"east":{"uv":[12.66667,11.33333,13.33333,11.66667],"texture":"#1"},"south":{"uv":[0,0,0,0],"texture":"#1"},"west":{"uv":[12,12.66667,12.66667,13],"texture":"#1"},"up":{"uv":[13,12.66667,12.66667,12],"texture":"#1"},"down":{"uv":[13,12.66667,12.66667,13.33333],"texture":"#1"}}},{"from":[7.205,8.13521,7.94943],"to":[8.795,9.63521,9.94943],"rotation":{"angle":45,"axis":"x","origin":[8,8,6.4]},"faces":{"north":{"uv":[0,0,0,0],"texture":"#1"},"east":{"uv":[6.66667,5,8,4],"texture":"#1"},"south":{"uv":[8.66667,1,9.66667,0],"texture":"#1"},"west":{"uv":[6,7.66667,7.33333,6.66667],"texture":"#1"},"up":{"uv":[8.33333,8,7.33333,6.66667],"texture":"#1"},"down":{"uv":[8.33333,5.33333,7.33333,6.66667],"texture":"#1"}}},{"from":[7.5,4.55,7.54122],"to":[8.5,7.05,8.54122],"rotation":{"angle":0,"axis":"x","origin":[8,8,6.4]},"faces":{"north":{"uv":[8,1.66667,8.66667,0],"texture":"#1"},"east":{"uv":[8,3.66667,8.66667,2],"texture":"#1"},"south":{"uv":[6,9.66667,6.66667,8],"texture":"#1"},"west":{"uv":[6.66667,9.66667,7.33333,8],"texture":"#1"},"up":{"uv":[8.66667,12,8,11.33333],"texture":"#1"},"down":{"uv":[12,7.33333,11.33333,8],"texture":"#1"}}},{"from":[7.39,4.71376,11.50374],"to":[8.61,5.93376,12.72374],"rotation":{"angle":45,"axis":"x","origin":[8,7.3125,10.125]},"faces":{"north":{"uv":[10,7.5,10.83333,6.66667],"texture":"#1"},"east":{"uv":[7.33333,10.83333,8.16667,10],"texture":"#1"},"south":{"uv":[8.66667,10.83333,9.5,10],"texture":"#1"},"west":{"uv":[10,10.16667,10.83333,9.33333],"texture":"#1"},"up":{"uv":[5.5,11.5,4.66667,10.66667],"texture":"#1"},"down":{"uv":[11.5,0,10.66667,0.83333],"texture":"#1"}}},{"from":[7.5,6.125,9.625],"to":[8.5,7.125,10.625],"rotation":{"angle":0,"axis":"x","origin":[8,7.3125,10.125]},"faces":{"north":{"uv":[11.33333,8.66667,12,8],"texture":"#1"},"east":{"uv":[8.66667,12,9.33333,11.33333],"texture":"#1"},"south":{"uv":[11.33333,9.33333,12,8.66667],"texture":"#1"},"west":{"uv":[9.33333,12,10,11.33333],"texture":"#1"},"up":{"uv":[12,10.66667,11.33333,10],"texture":"#1"},"down":{"uv":[12,9.33333,11.33333,10],"texture":"#1"}}},{"from":[7.5,4.625,9.625],"to":[8.5,5.625,10.625],"rotation":{"angle":0,"axis":"x","origin":[8,7.3125,10.125]},"faces":{"north":{"uv":[11.33333,11.33333,12,10.66667],"texture":"#1"},"east":{"uv":[11.33333,12,12,11.33333],"texture":"#1"},"south":{"uv":[0,12.66667,0.66667,12],"texture":"#1"},"west":{"uv":[12,0.66667,12.66667,0],"texture":"#1"},"up":{"uv":[12.66667,1.33333,12,0.66667],"texture":"#1"},"down":{"uv":[1.33333,12,0.66667,12.66667],"texture":"#1"}}},{"from":[7.3,5.625,9.425],"to":[8.7,6.125,10.825],"rotation":{"angle":0,"axis":"x","origin":[8,7.3125,10.125]},"faces":{"north":{"uv":[0,13,1,12.66667],"texture":"#1"},"east":{"uv":[12.66667,0.33333,13.66667,0],"texture":"#1"},"south":{"uv":[12.66667,1,13.66667,0.66667],"texture":"#1"},"west":{"uv":[12.66667,1.66667,13.66667,1.33333],"texture":"#1"},"up":{"uv":[9.66667,3.66667,8.66667,2.66667],"texture":"#1"},"down":{"uv":[9.66667,1.33333,8.66667,2.33333],"texture":"#1"}}},{"from":[7.5,11,13.375],"to":[8.5,13,13.875],"rotation":{"angle":45,"axis":"x","origin":[7.5,13,0.75]},"faces":{"north":{"uv":[8.66667,9.33333,9.33333,8],"texture":"#1"},"east":{"uv":[1.33333,13.33333,1.66667,12],"texture":"#1"},"south":{"uv":[0,10.66667,0.66667,9.33333],"texture":"#1"},"west":{"uv":[2,13.33333,2.33333,12],"texture":"#1"},"up":{"uv":[0,0,0,0],"texture":"#1"},"down":{"uv":[13.33333,10.66667,12.66667,11],"texture":"#1"}}},{"from":[7.39,1.18876,11.35374],"to":[8.61,2.70876,12.87374],"rotation":{"angle":45,"axis":"x","origin":[8,7.3125,10.125]},"faces":{"north":{"uv":[1.33333,11,2.16667,10],"texture":"#1"},"east":{"uv":[8.66667,6.33333,9.66667,5.33333],"texture":"#1"},"south":{"uv":[10,3,10.83333,2],"texture":"#1"},"west":{"uv":[8.66667,7.66667,9.66667,6.66667],"texture":"#1"},"up":{"uv":[6.83333,11,6,10],"texture":"#1"},"down":{"uv":[10.83333,5.33333,10,6.33333],"texture":"#1"}}},{"from":[7.5,0.44435,8.09144],"to":[8.5,0.94435,12.09144],"rotation":{"angle":22.5,"axis":"x","origin":[8,1.24435,11.09144]},"faces":{"north":{"uv":[11.33333,13,12,12.66667],"texture":"#1"},"east":{"uv":[0.66667,9.66667,3.33333,9.33333],"texture":"#1"},"south":{"uv":[0,0,0,0],"texture":"#1"},"west":{"uv":[9.33333,4.33333,12,4],"texture":"#1"},"up":{"uv":[6.66667,5.33333,6,2.66667],"texture":"#1"},"down":{"uv":[6.66667,0,6,2.66667],"texture":"#1"}}},{"from":[7.39,-0.3607,11.16773],"to":[8.61,0.6593,12.18773],"rotation":{"angle":-22.5,"axis":"x","origin":[8,0.1493,11.67773]},"faces":{"north":{"uv":[10,4,10.83333,3.33333],"texture":"#1"},"east":{"uv":[12,2,12.66667,1.33333],"texture":"#1"},"south":{"uv":[10.66667,2,11.5,1.33333],"texture":"#1"},"west":{"uv":[2.66667,12.66667,3.33333,12],"texture":"#1"},"up":{"uv":[12.16667,2.66667,11.33333,2],"texture":"#1"},"down":{"uv":[2.16667,11.33333,1.33333,12],"texture":"#1"}}},{"from":[7.75,11,12.875],"to":[8.25,13,13.375],"rotation":{"angle":45,"axis":"x","origin":[7.5,13,0.75]},"faces":{"north":{"uv":[3.33333,13.33333,3.66667,12],"texture":"#1"},"east":{"uv":[4,13.33333,4.33333,12],"texture":"#1"},"south":{"uv":[12,5.33333,12.33333,4],"texture":"#1"},"west":{"uv":[4.66667,13.33333,5,12],"texture":"#1"},"up":{"uv":[0,0,0,0],"texture":"#1"},"down":{"uv":[2.33333,13.33333,2,13.66667],"texture":"#1"}}},{"from":[7.75,-0.05565,8.09144],"to":[8.25,0.44435,12.09144],"rotation":{"angle":22.5,"axis":"x","origin":[8,1.24435,11.09144]},"faces":{"north":{"uv":[13.33333,2.33333,13.66667,2],"texture":"#1"},"east":{"uv":[9.33333,5,12,4.66667],"texture":"#1"},"south":{"uv":[0,0,0,0],"texture":"#1"},"west":{"uv":[7.33333,9.66667,10,9.33333],"texture":"#1"},"up":{"uv":[4.33333,12,4,9.33333],"texture":"#1"},"down":{"uv":[3.66667,9.33333,3.33333,12],"texture":"#1"}}},{"from":[7.65,2.73179,9.504],"to":[8.35,3.48179,10.204],"rotation":{"angle":-22.5,"axis":"x","origin":[8,2.48179,9.854]},"faces":{"north":{"uv":[12.66667,7.83333,13.16667,7.33333],"texture":"#1"},"east":{"uv":[8,13.16667,8.5,12.66667],"texture":"#1"},"south":{"uv":[12.66667,8.5,13.16667,8],"texture":"#1"},"west":{"uv":[8.66667,13.16667,9.16667,12.66667],"texture":"#1"},"up":{"uv":[0,0,0,0],"texture":"#1"},"down":{"uv":[13.16667,8.66667,12.66667,9.16667],"texture":"#1"}}},{"from":[7.65,0.85194,9.98235],"to":[8.35,1.67694,10.68235],"rotation":{"angle":-22.5,"axis":"x","origin":[8,1.32694,10.33235]},"faces":{"north":{"uv":[9.33333,13.16667,9.83333,12.66667],"texture":"#1"},"east":{"uv":[12.66667,9.83333,13.16667,9.33333],"texture":"#1"},"south":{"uv":[10,13.16667,10.5,12.66667],"texture":"#1"},"west":{"uv":[12.66667,10.5,13.16667,10],"texture":"#1"},"up":{"uv":[11.16667,13.16667,10.66667,12.66667],"texture":"#1"},"down":{"uv":[0,0,0,0],"texture":"#1"}}},{"from":[7.75,1.58179,9.604],"to":[8.25,2.73179,10.104],"rotation":{"angle":-22.5,"axis":"x","origin":[8,2.48179,9.854]},"faces":{"north":{"uv":[13,5.5,12.66667,4.66667],"texture":"#1"},"east":{"uv":[12.66667,5.5,13,4.66667],"texture":"#1"},"south":{"uv":[13,5.5,12.66667,4.66667],"texture":"#1"},"west":{"uv":[12.66667,5.5,13,4.66667],"texture":"#1"},"up":{"uv":[0,0,0,0],"texture":"#1"},"down":{"uv":[0,0,0,0],"texture":"#1"}}},{"from":[7.75,0.3072,12.63193],"to":[8.25,0.8072,13.63193],"rotation":{"angle":-22.5,"axis":"x","origin":[8,-0.6428,13.55693]},"faces":{"north":{"uv":[13.33333,3,13.66667,2.66667],"texture":"#1"},"east":{"uv":[12.66667,11.66667,13.33333,11.33333],"texture":"#1"},"south":{"uv":[0,0,0,0],"texture":"#1"},"west":{"uv":[12,13,12.66667,12.66667],"texture":"#1"},"up":{"uv":[13,13.33333,12.66667,12.66667],"texture":"#1"},"down":{"uv":[13,12,12.66667,12.66667],"texture":"#1"}}},{"from":[7.5,0.8072,12.63193],"to":[8.5,1.3072,13.63193],"rotation":{"angle":-22.5,"axis":"x","origin":[8,-0.6428,13.55693]},"faces":{"north":{"uv":[0,13.66667,0.66667,13.33333],"texture":"#1"},"east":{"uv":[0.66667,13.66667,1.33333,13.33333],"texture":"#1"},"south":{"uv":[0,0,0,0],"texture":"#1"},"west":{"uv":[1.33333,13.66667,2,13.33333],"texture":"#1"},"up":{"uv":[6.66667,12.66667,6,12],"texture":"#1"},"down":{"uv":[6,12,5.33333,12.66667],"texture":"#1"}}},{"from":[7.39,-0.3607,13.16773],"to":[8.61,0.6593,14.18773],"rotation":{"angle":-22.5,"axis":"x","origin":[8,0.1493,11.67773]},"faces":{"north":{"uv":[11.33333,3.33333,12.16667,2.66667],"texture":"#1"},"east":{"uv":[12,6.66667,12.66667,6],"texture":"#1"},"south":{"uv":[11.33333,4,12.16667,3.33333],"texture":"#1"},"west":{"uv":[6.66667,12.66667,7.33333,12],"texture":"#1"},"up":{"uv":[6.83333,12,6,11.33333],"texture":"#1"},"down":{"uv":[12.16667,5.33333,11.33333,6],"texture":"#1"}}},{"from":[7.5,6.3,6.54122],"to":[8.5,7.05,7.54122],"rotation":{"angle":0,"axis":"x","origin":[8,8,6.4]},"faces":{"north":{"uv":[12,8.5,12.66667,8],"texture":"#1"},"east":{"uv":[8.66667,12.5,9.33333,12],"texture":"#1"},"south":{"uv":[12,9.16667,12.66667,8.66667],"texture":"#1"},"west":{"uv":[9.33333,12.5,10,12],"texture":"#1"},"up":{"uv":[8,12,7.33333,11.33333],"texture":"#1"},"down":{"uv":[12,6.66667,11.33333,7.33333],"texture":"#1"}}},{"from":[7.505,6.37536,5.87991],"to":[8.495,7.37536,6.62991],"rotation":{"angle":-22.5,"axis":"x","origin":[8,8,6.4]},"faces":{"north":{"uv":[2.66667,12,3.33333,11.33333],"texture":"#1"},"east":{"uv":[12,7.33333,12.5,6.66667],"texture":"#1"},"south":{"uv":[11.33333,6.66667,12,6],"texture":"#1"},"west":{"uv":[7.33333,12.66667,7.83333,12],"texture":"#1"},"up":{"uv":[8.66667,12.5,8,12],"texture":"#1"},"down":{"uv":[12.66667,7.33333,12,7.83333],"texture":"#1"}}},{"from":[7.6,6.3,3.81622],"to":[8.4,7.05,6.31622],"rotation":{"angle":0,"axis":"x","origin":[8,8,6.4]},"faces":{"north":{"uv":[5.33333,13.16667,5.83333,12.66667],"texture":"#1"},"east":{"uv":[9.33333,8.5,11,8],"texture":"#1"},"south":{"uv":[6,13.16667,6.5,12.66667],"texture":"#1"},"west":{"uv":[9.33333,9.16667,11,8.66667],"texture":"#1"},"up":{"uv":[1.16667,11.66667,0.66667,10],"texture":"#1"},"down":{"uv":[10.5,0,10,1.66667],"texture":"#1"}}},{"from":[7.605,6.39734,6.22316],"to":[8.395,7.39734,6.97316],"rotation":{"angle":22.5,"axis":"x","origin":[8,8,6.4]},"faces":{"north":{"uv":[12,10,12.5,9.33333],"texture":"#1"},"east":{"uv":[10,12.66667,10.5,12],"texture":"#1"},"south":{"uv":[12,10.66667,12.5,10],"texture":"#1"},"west":{"uv":[10.66667,12.66667,11.16667,12],"texture":"#1"},"up":{"uv":[7.16667,13.16667,6.66667,12.66667],"texture":"#1"},"down":{"uv":[13.16667,6,12.66667,6.5],"texture":"#1"}}},{"from":[7.605,7.41817,3.36234],"to":[8.395,8.41817,4.11234],"rotation":{"angle":-22.5,"axis":"x","origin":[8,8,6.4]},"faces":{"north":{"uv":[12,11.33333,12.5,10.66667],"texture":"#1"},"east":{"uv":[11.33333,12.66667,11.83333,12],"texture":"#1"},"south":{"uv":[12,12,12.5,11.33333],"texture":"#1"},"west":{"uv":[12,12.66667,12.5,12],"texture":"#1"},"up":{"uv":[7.83333,13.16667,7.33333,12.66667],"texture":"#1"},"down":{"uv":[13.16667,6.66667,12.66667,7.16667],"texture":"#1"}}},{"from":[8,1.125,13.4],"to":[8,14.875,20.4],"rotation":{"angle":0,"axis":"y","origin":[8,2.875,5.5]},"faces":{"north":{"uv":[0,0,0,9.16667],"texture":"#1"},"east":{"uv":[4.66667,0,0,9.16667],"texture":"#1"},"south":{"uv":[0,0,0,9.16667],"texture":"#1"},"west":{"uv":[0,0,4.66667,9.16667],"texture":"#1"},"up":{"uv":[0,4.66667,0,0],"texture":"#1"},"down":{"uv":[0,0,0,4.66667],"texture":"#1"}}},{"from":[7.35,13.25,7],"to":[7.35,18.25,12],"rotation":{"angle":0,"axis":"x","origin":[7.35,15.75,9.5]},"faces":{"north":{"uv":[0,0,0,3.33333],"texture":"#2"},"east":{"uv":[0,0,0,0],"texture":"#2"},"south":{"uv":[0,0,0,3.33333],"texture":"#2"},"west":{"uv":[0,0,10,10],"texture":"#2"},"up":{"uv":[0,3.33333,0,0],"texture":"#2"},"down":{"uv":[0,0,0,3.33333],"texture":"#2"}}},{"from":[7.35,-2.25,7],"to":[7.35,2.75,12],"rotation":{"angle":0,"axis":"x","origin":[7.35,0.25,9.5]},"faces":{"north":{"uv":[0,3.33333,0,0],"texture":"#2"},"east":{"uv":[0,0,0,0],"texture":"#2"},"south":{"uv":[0,3.33333,0,0],"texture":"#2"},"west":{"uv":[0,10,10,0],"texture":"#2"},"up":{"uv":[0,3.33333,0,0],"texture":"#2"},"down":{"uv":[0,0,0,3.33333],"texture":"#2"}}},{"from":[8.65,-2.25,7],"to":[8.65,2.75,12],"rotation":{"angle":0,"axis":"x","origin":[8.65,0.25,9.5]},"faces":{"north":{"uv":[0,3.33333,0,0],"texture":"#2"},"east":{"uv":[10,10,0,0],"texture":"#2"},"south":{"uv":[0,3.33333,0,0],"texture":"#2"},"west":{"uv":[0,0,0,0],"texture":"#2"},"up":{"uv":[0,3.33333,0,0],"texture":"#2"},"down":{"uv":[0,0,0,3.33333],"texture":"#2"}}},{"from":[8.65,13.25,7],"to":[8.65,18.25,12],"rotation":{"angle":0,"axis":"x","origin":[8.65,15.75,9.5]},"faces":{"north":{"uv":[0,0,0,3.33333],"texture":"#2"},"east":{"uv":[10,0,0,10],"texture":"#2"},"south":{"uv":[0,0,0,3.33333],"texture":"#2"},"west":{"uv":[0,0,0,0],"texture":"#2"},"up":{"uv":[0,3.33333,0,0],"texture":"#2"},"down":{"uv":[0,0,0,3.33333],"texture":"#2"}}}],"gui_light":"front","display":{"thirdperson_righthand":{"translation":[0,-2,-1.75]},"thirdperson_lefthand":{"translation":[0,-2,-1.75]},"firstperson_righthand":{"translation":[-1.75,5.25,0.25]},"firstperson_lefthand":{"translation":[-1.75,5.25,0.25]},"ground":{"rotation":[45,0,0],"translation":[0,9.25,0]},"gui":{"rotation":[-90,135,90],"translation":[-2.5,2.5,0],"scale":[1.08984,1.08984,1.08984]},"head":{"scale":[0,0,0]},"fixed":{"rotation":[0,90,0],"translation":[0,-0.5,-1.5],"scale":[2,2,2]}}}