{"credit":"MadebyPolygonMC","texture_size":[24,24],"textures":{"1":"evergreenset:animations/animations_1","3":"evergreenset:pickaxe","particle":"evergreenset:animations/animations_1"},"elements":[{"from":[7.3,2,7.3],"to":[8.7,2.5,8.7],"rotation":{"angle":0,"axis":"y","origin":[7.5,0,7.5]},"faces":{"north":{"uv":[12,5.33333,13,5.66667],"texture":"#3"},"east":{"uv":[6,12,7,12.33333],"texture":"#3"},"south":{"uv":[12,6,13,6.33333],"texture":"#3"},"west":{"uv":[12,6.66667,13,7],"texture":"#3"},"up":{"uv":[9,7,8,6],"texture":"#3"},"down":{"uv":[7.66667,8,6.66667,9],"texture":"#3"}}},{"from":[7.3,6.25,7.3],"to":[8.7,6.75,8.7],"rotation":{"angle":0,"axis":"y","origin":[7.5,4.25,7.5]},"faces":{"north":{"uv":[7.33333,12,8.33333,12.33333],"texture":"#3"},"east":{"uv":[12,7.33333,13,7.66667],"texture":"#3"},"south":{"uv":[12,8,13,8.33333],"texture":"#3"},"west":{"uv":[8.66667,12,9.66667,12.33333],"texture":"#3"},"up":{"uv":[9,8.33333,8,7.33333],"texture":"#3"},"down":{"uv":[1,8.66667,0,9.66667],"texture":"#3"}}},{"from":[7.4,6.75,7.4],"to":[8.6,7.25,8.6],"rotation":{"angle":0,"axis":"y","origin":[7.5,4.75,7.5]},"faces":{"north":{"uv":[6.66667,13.33333,7.5,13.66667],"texture":"#3"},"east":{"uv":[13.33333,7.33333,14.16667,7.66667],"texture":"#3"},"south":{"uv":[8,13.33333,8.83333,13.66667],"texture":"#3"},"west":{"uv":[13.33333,8,14.16667,8.33333],"texture":"#3"}}},{"from":[7.5,1,7.5],"to":[8.5,2,8.5],"rotation":{"angle":0,"axis":"y","origin":[7.5,0,7.5]},"faces":{"north":{"uv":[2.66667,8.66667,3.33333,9.33333],"texture":"#3"},"east":{"uv":[8.66667,4,9.33333,4.66667],"texture":"#3"},"south":{"uv":[10.66667,10,11.33333,10.66667],"texture":"#3"},"west":{"uv":[10.66667,10.66667,11.33333,11.33333],"texture":"#3"},"up":{"uv":[12,0.66667,11.33333,0],"texture":"#3"},"down":{"uv":[12,0.66667,11.33333,1.33333],"texture":"#3"}}},{"from":[7.5,2.5,7.5],"to":[8.5,3.5,8.5],"rotation":{"angle":0,"axis":"y","origin":[7.5,0,7.5]},"faces":{"north":{"uv":[11.33333,2.66667,12,3.33333],"texture":"#3"},"east":{"uv":[11.33333,3.33333,12,4],"texture":"#3"},"south":{"uv":[11.33333,4,12,4.66667],"texture":"#3"},"west":{"uv":[11.33333,4.66667,12,5.33333],"texture":"#3"},"up":{"uv":[12,6,11.33333,5.33333],"texture":"#3"},"down":{"uv":[12,6,11.33333,6.66667],"texture":"#3"}}},{"from":[7.5,5.25,7.5],"to":[8.5,6.25,8.5],"rotation":{"angle":0,"axis":"y","origin":[7.5,2.75,7.5]},"faces":{"north":{"uv":[11.33333,6.66667,12,7.33333],"texture":"#3"},"east":{"uv":[11.33333,7.33333,12,8],"texture":"#3"},"south":{"uv":[11.33333,8,12,8.66667],"texture":"#3"},"west":{"uv":[11.33333,8.66667,12,9.33333],"texture":"#3"},"up":{"uv":[10,12,9.33333,11.33333],"texture":"#3"},"down":{"uv":[12,9.33333,11.33333,10],"texture":"#3"}}},{"from":[7.6,3.5,7.6],"to":[8.4,5.25,8.4],"rotation":{"angle":0,"axis":"y","origin":[7.5,1,7.5]},"faces":{"north":{"uv":[6,10.66667,6.5,11.83333],"texture":"#3"},"east":{"uv":[10.66667,6,11.16667,7.16667],"texture":"#3"},"south":{"uv":[6.66667,10.66667,7.16667,11.83333],"texture":"#3"},"west":{"uv":[7.33333,10.66667,7.83333,11.83333],"texture":"#3"}}},{"from":[7.3,8.75,7.3],"to":[8.7,9.25,8.7],"rotation":{"angle":0,"axis":"y","origin":[7.5,6.75,7.5]},"faces":{"north":{"uv":[12,8.66667,13,9],"texture":"#3"},"east":{"uv":[12,9.33333,13,9.66667],"texture":"#3"},"south":{"uv":[10,12,11,12.33333],"texture":"#3"},"west":{"uv":[12,10,13,10.33333],"texture":"#3"},"up":{"uv":[9.66667,1,8.66667,0],"texture":"#3"},"down":{"uv":[2.33333,8.66667,1.33333,9.66667],"texture":"#3"}}},{"from":[7.3,7.25,7.3],"to":[8.7,7.75,8.7],"rotation":{"angle":0,"axis":"y","origin":[7.5,5.25,7.5]},"faces":{"north":{"uv":[12,10.66667,13,11],"texture":"#3"},"east":{"uv":[11.33333,12,12.33333,12.33333],"texture":"#3"},"south":{"uv":[12,11.33333,13,11.66667],"texture":"#3"},"west":{"uv":[0,12.66667,1,13],"texture":"#3"},"up":{"uv":[9.66667,3.66667,8.66667,2.66667],"texture":"#3"},"down":{"uv":[9,8.66667,8,9.66667],"texture":"#3"}}},{"from":[7.3,13.25,7.3],"to":[8.7,13.75,8.7],"rotation":{"angle":0,"axis":"y","origin":[7.5,11.25,7.5]},"faces":{"north":{"uv":[12.66667,0,13.66667,0.33333],"texture":"#3"},"east":{"uv":[12.66667,0.66667,13.66667,1],"texture":"#3"},"south":{"uv":[1.33333,12.66667,2.33333,13],"texture":"#3"},"west":{"uv":[12.66667,1.33333,13.66667,1.66667],"texture":"#3"},"up":{"uv":[10.33333,2.33333,9.33333,1.33333],"texture":"#3"},"down":{"uv":[3.66667,9.33333,2.66667,10.33333],"texture":"#3"}}},{"from":[7.4,13.75,7.4],"to":[8.6,14.25,8.6],"rotation":{"angle":0,"axis":"y","origin":[7.5,11.75,7.5]},"faces":{"north":{"uv":[13.33333,8.66667,14.16667,9],"texture":"#3"},"east":{"uv":[9.33333,13.33333,10.16667,13.66667],"texture":"#3"},"south":{"uv":[13.33333,9.33333,14.16667,9.66667],"texture":"#3"},"west":{"uv":[13.33333,10,14.16667,10.33333],"texture":"#3"}}},{"from":[7.5,7.75,7.5],"to":[8.5,8.75,8.5],"rotation":{"angle":0,"axis":"y","origin":[7.5,6.75,7.5]},"faces":{"north":{"uv":[10,11.33333,10.66667,12],"texture":"#3"},"east":{"uv":[11.33333,10,12,10.66667],"texture":"#3"},"south":{"uv":[10.66667,11.33333,11.33333,12],"texture":"#3"},"west":{"uv":[11.33333,10.66667,12,11.33333],"texture":"#3"},"up":{"uv":[12,12,11.33333,11.33333],"texture":"#3"},"down":{"uv":[0.66667,12,0,12.66667],"texture":"#3"}}},{"from":[7.39,0.265,7.39],"to":[8.61,1.485,8.61],"rotation":{"angle":-45,"axis":"x","origin":[8,0.875,8]},"faces":{"north":{"uv":[10,0,10.83333,0.83333],"texture":"#3"},"east":{"uv":[10,2.66667,10.83333,3.5],"texture":"#3"},"south":{"uv":[9.33333,10,10.16667,10.83333],"texture":"#3"},"west":{"uv":[10.66667,1.33333,11.5,2.16667],"texture":"#3"},"up":{"uv":[3.5,11.5,2.66667,10.66667],"texture":"#3"},"down":{"uv":[4.83333,10.66667,4,11.5],"texture":"#3"}}},{"from":[7.2,14.25,7],"to":[8.8,15.75,9],"rotation":{"angle":0,"axis":"y","origin":[7,14.25,7]},"faces":{"north":{"uv":[4,9.33333,5,10.33333],"texture":"#3"},"east":{"uv":[5.33333,2.66667,6.66667,3.66667],"texture":"#3"},"south":{"uv":[9.33333,4,10.33333,5],"texture":"#3"},"west":{"uv":[5.33333,4,6.66667,5],"texture":"#3"},"up":{"uv":[6.33333,6.66667,5.33333,5.33333],"texture":"#3"},"down":{"uv":[1,6,0,7.33333],"texture":"#3"}}},{"from":[7.205,13.76256,5.82322],"to":[8.795,15.26256,7.82322],"rotation":{"angle":-45,"axis":"x","origin":[8.005,14.51256,6.82322]},"faces":{"north":{"uv":[5.33333,9.33333,6.33333,10.33333],"texture":"#3"},"east":{"uv":[1.33333,6,2.66667,7],"texture":"#3"},"west":{"uv":[2.66667,6,4,7],"texture":"#3"},"up":{"uv":[5,7.33333,4,6],"texture":"#3"},"down":{"uv":[7.66667,2.66667,6.66667,4],"texture":"#3"}}},{"from":[7.205,13.76256,8.17678],"to":[8.795,15.26256,10.17678],"rotation":{"angle":45,"axis":"x","origin":[8.005,14.51256,9.17678]},"faces":{"east":{"uv":[6.66667,4,8,5],"texture":"#3"},"south":{"uv":[9.33333,5.33333,10.33333,6.33333],"texture":"#3"},"west":{"uv":[5.33333,6.66667,6.66667,7.66667],"texture":"#3"},"up":{"uv":[7.66667,6.66667,6.66667,5.33333],"texture":"#3"},"down":{"uv":[7.66667,6.66667,6.66667,8],"texture":"#3"}}},{"from":[7.5,14.8,4.55],"to":[8.5,15.8,7.05],"rotation":{"angle":0,"axis":"y","origin":[7.25,14.8,5.05]},"faces":{"north":{"uv":[12,0,12.66667,0.66667],"texture":"#3"},"east":{"uv":[1.33333,7.33333,3,8],"texture":"#3"},"south":{"uv":[0.66667,12,1.33333,12.66667],"texture":"#3"},"west":{"uv":[7.33333,1.33333,9,2],"texture":"#3"},"up":{"uv":[4,9,3.33333,7.33333],"texture":"#3"},"down":{"uv":[4.66667,7.33333,4,9],"texture":"#3"}}},{"from":[7.5,15.8,6.3],"to":[8.5,16.8,7.05],"rotation":{"angle":0,"axis":"x","origin":[8,16.55,6.55]},"faces":{"north":{"uv":[12,0.66667,12.66667,1.33333],"texture":"#3"},"east":{"uv":[12.66667,2,13.16667,2.66667],"texture":"#3"},"south":{"uv":[1.33333,12,2,12.66667],"texture":"#3"},"west":{"uv":[2.66667,12.66667,3.16667,13.33333],"texture":"#3"},"up":{"uv":[13.33333,3.16667,12.66667,2.66667],"texture":"#3"},"down":{"uv":[4,12.66667,3.33333,13.16667],"texture":"#3"}}},{"from":[7.505,16.35604,6.33858],"to":[8.495,17.10604,7.33858],"rotation":{"angle":-22.5,"axis":"x","origin":[8.005,16.85604,7.08858]},"faces":{"north":{"uv":[12.66667,3.33333,13.33333,3.83333],"texture":"#3"},"east":{"uv":[4,12.66667,4.66667,13.16667],"texture":"#3"},"south":{"uv":[12.66667,4,13.33333,4.5],"texture":"#3"},"west":{"uv":[12.66667,4.66667,13.33333,5.16667],"texture":"#3"},"up":{"uv":[12.66667,2,12,1.33333],"texture":"#3"},"down":{"uv":[2.66667,12,2,12.66667],"texture":"#3"}}},{"from":[7.505,16.35604,8.66142],"to":[8.495,17.10604,9.66142],"rotation":{"angle":22.5,"axis":"x","origin":[8.005,16.85604,8.91142]},"faces":{"north":{"uv":[5.33333,12.66667,6,13.16667],"texture":"#3"},"east":{"uv":[6,12.66667,6.66667,13.16667],"texture":"#3"},"south":{"uv":[6.66667,12.66667,7.33333,13.16667],"texture":"#3"},"west":{"uv":[7.33333,12.66667,8,13.16667],"texture":"#3"},"up":{"uv":[12.66667,2.66667,12,2],"texture":"#3"},"down":{"uv":[3.33333,12,2.66667,12.66667],"texture":"#3"}}},{"from":[7.5,15.8,8.95],"to":[8.5,16.8,9.7],"rotation":{"angle":0,"axis":"x","origin":[8,16.55,9.45]},"faces":{"north":{"uv":[12,2.66667,12.66667,3.33333],"texture":"#3"},"east":{"uv":[8,12.66667,8.5,13.33333],"texture":"#3"},"south":{"uv":[3.33333,12,4,12.66667],"texture":"#3"},"west":{"uv":[8.66667,12.66667,9.16667,13.33333],"texture":"#3"},"up":{"uv":[10,13.16667,9.33333,12.66667],"texture":"#3"},"down":{"uv":[10.66667,12.66667,10,13.16667],"texture":"#3"}}},{"from":[7.5,14.8,8.95],"to":[8.5,15.8,11.45],"rotation":{"angle":0,"axis":"y","origin":[7.25,14.8,10.95]},"faces":{"north":{"uv":[12,3.33333,12.66667,4],"texture":"#3"},"east":{"uv":[7.33333,2,9,2.66667],"texture":"#3"},"south":{"uv":[4,12,4.66667,12.66667],"texture":"#3"},"west":{"uv":[1.33333,8,3,8.66667],"texture":"#3"},"up":{"uv":[5.33333,9,4.66667,7.33333],"texture":"#3"},"down":{"uv":[8.66667,2.66667,8,4.33333],"texture":"#3"}}},{"from":[7.605,13.08104,6.33858],"to":[8.395,13.83104,7.33858],"rotation":{"angle":-22.5,"axis":"x","origin":[8.005,13.58104,7.08858]},"faces":{"north":{"uv":[12,13.33333,12.5,13.83333],"texture":"#3"},"east":{"uv":[10.66667,12.66667,11.33333,13.16667],"texture":"#3"},"south":{"uv":[13.33333,12,13.83333,12.5],"texture":"#3"},"west":{"uv":[11.33333,12.66667,12,13.16667],"texture":"#3"},"up":{"uv":[12.5,13.33333,12,12.66667],"texture":"#3"},"down":{"uv":[13.16667,12,12.66667,12.66667],"texture":"#3"}}},{"from":[7.6,11.025,6.3],"to":[8.4,13.525,7.05],"rotation":{"angle":0,"axis":"x","origin":[8,13.275,6.55]},"faces":{"north":{"uv":[9.33333,8,9.83333,9.66667],"texture":"#3"},"east":{"uv":[0,10,0.5,11.66667],"texture":"#3"},"south":{"uv":[0.66667,10,1.16667,11.66667],"texture":"#3"},"west":{"uv":[1.33333,10,1.83333,11.66667],"texture":"#3"},"up":{"uv":[13.16667,13.83333,12.66667,13.33333],"texture":"#3"},"down":{"uv":[13.83333,12.66667,13.33333,13.16667],"texture":"#3"}}},{"from":[7.605,10.71896,6.33858],"to":[8.395,11.46896,7.33858],"rotation":{"angle":22.5,"axis":"x","origin":[8.005,10.96896,7.08858]},"faces":{"north":{"uv":[13.33333,13.33333,13.83333,13.83333],"texture":"#3"},"east":{"uv":[12.66667,12.66667,13.33333,13.16667],"texture":"#3"},"south":{"uv":[0,14,0.5,14.5],"texture":"#3"},"west":{"uv":[0,13.33333,0.66667,13.83333],"texture":"#3"},"up":{"uv":[1.16667,14,0.66667,13.33333],"texture":"#3"},"down":{"uv":[1.83333,13.33333,1.33333,14],"texture":"#3"}}},{"from":[7.605,10.71896,8.66142],"to":[8.395,11.46896,9.66142],"rotation":{"angle":-22.5,"axis":"x","origin":[8.005,10.96896,8.91142]},"faces":{"north":{"uv":[14,0,14.5,0.5],"texture":"#3"},"east":{"uv":[2,13.33333,2.66667,13.83333],"texture":"#3"},"south":{"uv":[0.66667,14,1.16667,14.5],"texture":"#3"},"west":{"uv":[13.33333,2,14,2.5],"texture":"#3"},"up":{"uv":[3.16667,14,2.66667,13.33333],"texture":"#3"},"down":{"uv":[13.83333,2.66667,13.33333,3.33333],"texture":"#3"}}},{"from":[7.605,13.08104,8.66142],"to":[8.395,13.83104,9.66142],"rotation":{"angle":22.5,"axis":"x","origin":[8.005,13.58104,8.91142]},"faces":{"north":{"uv":[14,0.66667,14.5,1.16667],"texture":"#3"},"east":{"uv":[3.33333,13.33333,4,13.83333],"texture":"#3"},"south":{"uv":[1.33333,14,1.83333,14.5],"texture":"#3"},"west":{"uv":[13.33333,3.33333,14,3.83333],"texture":"#3"},"up":{"uv":[4.5,14,4,13.33333],"texture":"#3"},"down":{"uv":[13.83333,4,13.33333,4.66667],"texture":"#3"}}},{"from":[7.6,11.025,8.95],"to":[8.4,13.525,9.7],"rotation":{"angle":0,"axis":"x","origin":[8,13.275,9.45]},"faces":{"north":{"uv":[2,10,2.5,11.66667],"texture":"#3"},"east":{"uv":[8,10,8.5,11.66667],"texture":"#3"},"south":{"uv":[10,8,10.5,9.66667],"texture":"#3"},"west":{"uv":[8.66667,10,9.16667,11.66667],"texture":"#3"},"up":{"uv":[14.5,1.83333,14,1.33333],"texture":"#3"},"down":{"uv":[2.5,14,2,14.5],"texture":"#3"}}},{"from":[7.7475,15.16154,7],"to":[8.2525,16.57954,8.418],"rotation":{"angle":-45,"axis":"x","origin":[7.9975,16.16154,8]},"faces":{"north":{"uv":[4.66667,13.33333,5,14.33333],"texture":"#3"},"east":{"uv":[6.66667,9.33333,7.66667,10.33333],"texture":"#3"},"south":{"uv":[13.33333,4.66667,13.66667,5.66667],"texture":"#3"},"west":{"uv":[9.33333,6.66667,10.33333,7.66667],"texture":"#3"},"up":{"uv":[5.66667,14.33333,5.33333,13.33333],"texture":"#3"},"down":{"uv":[6.33333,13.33333,6,14.33333],"texture":"#3"}}},{"from":[7.4,9.25,7.4],"to":[8.6,13.25,8.6],"rotation":{"angle":0,"axis":"y","origin":[6.8,10.5,6.8]},"faces":{"north":{"uv":[0,3.33333,0.83333,6],"texture":"#3"},"east":{"uv":[1.33333,3.33333,2.16667,6],"texture":"#3"},"south":{"uv":[2.66667,3.33333,3.5,6],"texture":"#3"},"west":{"uv":[4,3.33333,4.83333,6],"texture":"#3"}}},{"from":[7.75,14.05,3.55],"to":[8.25,15.3,6.55],"rotation":{"angle":0,"axis":"x","origin":[8,13.14045,4.41096]},"faces":{"north":{"uv":[10.66667,13.33333,11,14.16667],"texture":"#3"},"east":{"uv":[5.33333,0,7.33333,0.83333],"texture":"#3"},"south":{"uv":[13.33333,10.66667,13.66667,11.5],"texture":"#3"},"west":{"uv":[5.33333,1.33333,7.33333,2.16667],"texture":"#3"},"up":{"uv":[11,6,10.66667,4],"texture":"#3"},"down":{"uv":[5.66667,10.66667,5.33333,12.66667],"texture":"#3"}}},{"from":[7.755,13.42107,1.93568],"to":[8.245,14.58107,3.93568],"rotation":{"angle":-22.5,"axis":"x","origin":[8.005,13.97107,1.93568]},"faces":{"north":{"uv":[11.33333,13.33333,11.66667,14.16667],"texture":"#3"},"east":{"uv":[8,4.66667,9.33333,5.5],"texture":"#3"},"west":{"uv":[5.33333,8,6.66667,8.83333],"texture":"#3"},"up":{"uv":[12.33333,5.33333,12,4],"texture":"#3"},"down":{"uv":[5,12,4.66667,13.33333],"texture":"#3"}}},{"from":[7.76,13.63537,0.12651],"to":[8.24,14.71037,2.12651],"rotation":{"angle":-45,"axis":"x","origin":[8.01,14.11037,2.12651]},"faces":{"north":{"uv":[13.33333,6,13.66667,6.83333],"texture":"#3"},"east":{"uv":[0,7.33333,1.33333,8.16667],"texture":"#3"},"west":{"uv":[7.33333,0,8.66667,0.83333],"texture":"#3"},"up":{"uv":[11,8.66667,10.66667,7.33333],"texture":"#3"},"down":{"uv":[11,8.66667,10.66667,10],"texture":"#3"}}},{"from":[8,10.3,-1.5],"to":[8,14.8,6.5],"rotation":{"angle":0,"axis":"y","origin":[8,0,0]},"faces":{"north":{"uv":[0,0,0,3],"texture":"#3"},"east":{"uv":[5.33333,0,0,3],"texture":"#3"},"south":{"uv":[0,0,0,3],"texture":"#3"},"west":{"uv":[0,0,5.33333,3],"texture":"#3"},"up":{"uv":[0,5.33333,0,0],"texture":"#3"},"down":{"uv":[0,0,0,5.33333],"texture":"#3"}}},{"from":[7.75,14.05,9.45],"to":[8.25,15.3,12.45],"rotation":{"angle":0,"axis":"x","origin":[8,13.14045,11.58904]},"faces":{"north":{"uv":[13.66667,10.66667,13.33333,11.5],"texture":"#3"},"east":{"uv":[7.33333,0,5.33333,0.83333],"texture":"#3"},"south":{"uv":[11,13.33333,10.66667,14.16667],"texture":"#3"},"west":{"uv":[7.33333,1.33333,5.33333,2.16667],"texture":"#3"},"up":{"uv":[11,4,10.66667,6],"texture":"#3"},"down":{"uv":[5.66667,12.66667,5.33333,10.66667],"texture":"#3"}}},{"from":[7.755,13.42107,12.06432],"to":[8.245,14.58107,14.06432],"rotation":{"angle":22.5,"axis":"x","origin":[8.005,13.97107,14.06432]},"faces":{"east":{"uv":[9.33333,4.66667,8,5.5],"texture":"#3"},"south":{"uv":[11.66667,13.33333,11.33333,14.16667],"texture":"#3"},"west":{"uv":[6.66667,8,5.33333,8.83333],"texture":"#3"},"up":{"uv":[12.33333,4,12,5.33333],"texture":"#3"},"down":{"uv":[5,13.33333,4.66667,12],"texture":"#3"}}},{"from":[8,10.3,9.5],"to":[8,14.8,17.5],"rotation":{"angle":0,"axis":"y","origin":[8,0,16]},"faces":{"north":{"uv":[0,0,0,3],"texture":"#3"},"east":{"uv":[0,0,5.33333,3],"texture":"#3"},"south":{"uv":[0,0,0,3],"texture":"#3"},"west":{"uv":[5.33333,0,0,3],"texture":"#3"},"up":{"uv":[0,0,0,5.33333],"texture":"#3"},"down":{"uv":[0,5.33333,0,0],"texture":"#3"}}},{"from":[7.76,13.63537,13.87349],"to":[8.24,14.71037,15.87349],"rotation":{"angle":45,"axis":"x","origin":[8.01,14.11037,13.87349]},"faces":{"east":{"uv":[1.33333,7.33333,0,8.16667],"texture":"#3"},"south":{"uv":[13.66667,6,13.33333,6.83333],"texture":"#3"},"west":{"uv":[8.66667,0,7.33333,0.83333],"texture":"#3"},"up":{"uv":[11,7.33333,10.66667,8.66667],"texture":"#3"},"down":{"uv":[11,10,10.66667,8.66667],"texture":"#3"}}},{"from":[7.65,12.75,1.75],"to":[7.65,17.75,6.75],"rotation":{"angle":0,"axis":"y","origin":[7.65,12.75,5]},"faces":{"north":{"uv":[0,3.33333,0,0],"rotation":180,"texture":"#1"},"south":{"uv":[0,0,0,3.33333],"texture":"#1"},"west":{"uv":[0,0,10.33333,10.33333],"rotation":270,"texture":"#1"},"up":{"uv":[0,0,0,3.33333],"texture":"#1"},"down":{"uv":[0,0,0,3.33333],"rotation":180,"texture":"#1"}}},{"from":[7.65,12.75,9.25],"to":[7.65,17.75,14.25],"rotation":{"angle":0,"axis":"y","origin":[7.65,12.75,11]},"faces":{"north":{"uv":[0,0,0,3.33333],"texture":"#1"},"south":{"uv":[0,3.33333,0,0],"rotation":180,"texture":"#1"},"west":{"uv":[0,10.33333,10.33333,0],"rotation":270,"texture":"#1"},"up":{"uv":[0,3.33333,0,0],"texture":"#1"},"down":{"uv":[0,3.33333,0,0],"rotation":180,"texture":"#1"}}},{"from":[8.35,12.75,9.25],"to":[8.35,17.75,14.25],"rotation":{"angle":0,"axis":"y","origin":[8.35,12.75,11]},"faces":{"north":{"uv":[0,0,0,3.33333],"texture":"#1"},"east":{"uv":[0,0,10.33333,10.33333],"rotation":270,"texture":"#1"},"south":{"uv":[0,3.33333,0,0],"rotation":180,"texture":"#1"},"up":{"uv":[0,3.33333,0,0],"texture":"#1"},"down":{"uv":[0,3.33333,0,0],"rotation":180,"texture":"#1"}}},{"from":[8.35,12.75,1.75],"to":[8.35,17.75,6.75],"rotation":{"angle":0,"axis":"y","origin":[8.35,12.75,5]},"faces":{"north":{"uv":[0,3.33333,0,0],"rotation":180,"texture":"#1"},"east":{"uv":[0,10.33333,10.33333,0],"rotation":270,"texture":"#1"},"south":{"uv":[0,0,0,3.33333],"texture":"#1"},"up":{"uv":[0,0,0,3.33333],"texture":"#1"},"down":{"uv":[0,0,0,3.33333],"rotation":180,"texture":"#1"}}}],"gui_light":"front","display":{"thirdperson_righthand":{"translation":[0,1.75,1]},"thirdperson_lefthand":{"translation":[0,1.75,1]},"firstperson_righthand":{"rotation":[-5,0,0],"translation":[-0.5,3.25,0.5]},"firstperson_lefthand":{"rotation":[-5,0,0],"translation":[-0.5,3.25,0.5]},"ground":{"translation":[0,9.25,0]},"gui":{"rotation":[90,-45,90],"translation":[1.75,-1.75,0]},"head":{"scale":[0,0,0]},"fixed":{"rotation":[0,90,0],"translation":[0,-1.25,-1.5],"scale":[2,2,2]}}}